case,full_steps,halfsteps,candidate,relative_l2,phase_rms_rad,relative_energy_error,temporal_centroid_s,temporal_width_s,spectral_centroid_rad_s,spectral_width_rad_s
tl_gaussian,0.5,1,baseline_complex64,1.0444880230666249e-07,2.24710600800814e-08,6.377433057232083e-08,-7.195443350720272e-16,2.073238820267836e-14,-430977533.02277374,10442326356760.047
tl_gaussian,0.5,1,orthonormal_fft,1.6092772985654472e-07,3.6130488734554155e-08,1.9690907980017297e-07,-7.195443647855176e-16,2.0732388421729053e-14,-430954623.9842193,10442324824431.625
tl_gaussian,0.5,1,mixed_precision,2.4269522273000583e-08,1.0929317969001865e-10,7.679914128980811e-08,-7.195443274565509e-16,2.0732388253916124e-14,-430950113.16026735,10442324439449.982
tl_gaussian,0.5,1,unitary_projection,1.0444880230666249e-07,2.24710600800814e-08,6.377433057232083e-08,-7.195443350720272e-16,2.073238820267836e-14,-430977533.02277374,10442326356760.047
tl_gaussian,20,40,baseline_complex64,9.756143864881632e-07,5.745876214857215e-07,1.9037267172341045e-07,-7.318810536869235e-16,2.0731989875542395e-14,-430318320.091801,10442326642890.168
tl_gaussian,20,40,orthonormal_fft,2.163480763765823e-06,8.883388373568371e-07,2.8585438495631485e-06,-7.318798800913116e-16,2.0731994341095237e-14,-430545185.5411009,10442323983954.938
tl_gaussian,20,40,mixed_precision,1.489542638194552e-07,9.771750576010704e-08,1.6819842499098468e-08,-7.318809331509473e-16,2.0731988387400136e-14,-430985080.14886445,10442324224822.117
tl_gaussian,20,40,unitary_projection,1.0637226042127346e-06,6.402167089466329e-07,4.841776287241247e-07,-7.318809672279378e-16,2.0731990001448202e-14,-430205388.7535628,10442328148286.121
tl_gaussian,200,400,baseline_complex64,7.347824461398819e-06,4.53964695074414e-06,1.2145608239483009e-06,-8.485261694390985e-16,2.0730381069981468e-14,-426474224.2839702,10442350474619.084
tl_gaussian,200,400,orthonormal_fft,2.174708360450685e-05,1.0902108355310638e-05,3.546667388227111e-05,-8.485115613208493e-16,2.0730419725166882e-14,-424965396.32564783,10442289661929.725
tl_gaussian,200,400,mixed_precision,4.934278263358143e-07,3.466600037888958e-07,9.003978355657774e-09,-8.485287290762506e-16,2.0730363839488352e-14,-430909896.5260733,10442327230783.566
tl_gaussian,200,400,unitary_projection,7.5139980547799025e-06,4.7739635590598674e-06,2.2198505468287367e-06,-8.485262000915929e-16,2.073038006253743e-14,-426037339.8877582,10442349106118.1
positive_chirp,0.5,1,baseline_complex64,1.1414055272801848e-07,6.691829681916234e-08,7.684892966980558e-08,-7.195511186696368e-16,2.073235700651539e-14,-35796458126.74976,93617154641943.98
positive_chirp,0.5,1,orthonormal_fft,1.7809026435482325e-07,9.288480948352395e-08,2.007028624020781e-07,-7.195508874322751e-16,2.0732356722279536e-14,-35796167299.084305,93617154030593.8
positive_chirp,0.5,1,mixed_precision,2.4545928060074188e-08,1.1080308137954552e-08,1.6868214880943876e-08,-7.195510088445405e-16,2.0732357053505982e-14,-35797356259.38895,93617155805521.7
positive_chirp,0.5,1,unitary_projection,1.1414055272801848e-07,6.691829681916234e-08,7.684892966980558e-08,-7.195511186696368e-16,2.073235700651539e-14,-35796458126.74976,93617154641943.98
positive_chirp,20,40,baseline_complex64,1.3400722442140994e-06,7.889969637571191e-07,1.0642946162264484e-06,-7.319407553006404e-16,2.0730711238979853e-14,-35780352723.03777,93617116644901.08
positive_chirp,20,40,orthonormal_fft,4.057695064642802e-06,1.541364811980174e-06,6.785027283713899e-06,-7.319433634849769e-16,2.073070579649263e-14,-35800189390.93735,93617078670384.2
positive_chirp,20,40,mixed_precision,1.564024676224831e-07,1.0769030409413001e-07,1.9295522670927984e-08,-7.319442831492194e-16,2.0730716085649927e-14,-35797307264.62363,93617154684791.61
positive_chirp,20,40,unitary_projection,1.3400722442140994e-06,7.889969637571191e-07,1.0642946162264484e-06,-7.319407553006404e-16,2.0730711238979853e-14,-35780352723.03777,93617116644901.08
positive_chirp,200,400,baseline_complex64,1.1940379900740358e-05,8.677799373247776e-06,1.0363796657098126e-05,-8.290061657770428e-16,2.0716666948017625e-14,-35713158325.11205,93616691559930.34
positive_chirp,200,400,orthonormal_fft,3.882055023804727e-05,1.6581562399448514e-05,6.616953092472241e-05,-8.290064989653974e-16,2.0716610430927668e-14,-35810890270.75552,93616390151515.06
positive_chirp,200,400,mixed_precision,5.13032054488933e-07,3.54481739754282e-07,2.9588471925975632e-08,-8.290283087970976e-16,2.0716715732317044e-14,-35799599620.091995,93617157437189.34
positive_chirp,200,400,unitary_projection,1.1940379900740358e-05,8.677799373247776e-06,1.0363796657098126e-05,-8.290061657770428e-16,2.0716666948017625e-14,-35713158325.11205,93616691559930.34
negative_chirp,0.5,1,baseline_complex64,1.1300791491920557e-07,7.187961351928111e-08,6.122349933771356e-08,-7.195953862054548e-16,2.0732417252203458e-14,-35797308364.95753,93617153713235.14
negative_chirp,0.5,1,orthonormal_fft,1.7350377853158528e-07,9.568778981239169e-08,1.8113293333171656e-07,-7.195959392220453e-16,2.0732417219476225e-14,-35794506301.76837,93617152051813.39
negative_chirp,0.5,1,mixed_precision,2.3770835829317394e-08,1.1216693377207363e-08,1.019758529180473e-08,-7.195958085735179e-16,2.0732417755933454e-14,-35795043044.97776,93617154498914.95
negative_chirp,0.5,1,unitary_projection,1.1300791491920557e-07,7.187961351928111e-08,6.122349933771356e-08,-7.195953862054548e-16,2.0732417252203458e-14,-35797308364.95753,93617153713235.14
negative_chirp,20,40,baseline_complex64,1.4121584807459192e-06,8.446183455535913e-07,1.1188160041575225e-06,-7.340177945536822e-16,2.073313873464677e-14,-35781926160.84962,93617125068876.14
negative_chirp,20,40,orthonormal_fft,3.7523843827284553e-06,1.3824573158854234e-06,6.092065876666721e-06,-7.340191768635728e-16,2.0733136162856157e-14,-35770424946.82239,93617082388115.69
negative_chirp,20,40,mixed_precision,1.520251952107195e-07,1.0474758318774189e-07,1.4004957294252837e-08,-7.340130600464801e-16,2.073314564993763e-14,-35796007419.470566,93617153308861.06
negative_chirp,20,40,unitary_projection,1.4121584807459192e-06,8.446183455535913e-07,1.1188160041575225e-06,-7.340177945536822e-16,2.073313873464677e-14,-35781926160.84962,93617125068876.14
negative_chirp,200,400,baseline_complex64,1.1931688899451942e-05,8.711005101200373e-06,1.0862956669898843e-05,-8.758053175357544e-16,2.0741506579545713e-14,-35638085814.98549,93616905871178.81
negative_chirp,200,400,orthonormal_fft,3.750064957149326e-05,1.622386537506765e-05,6.40216500669649e-05,-8.757913207051193e-16,2.0741455469305152e-14,-35617463413.1396,93616516907571.16
negative_chirp,200,400,mixed_precision,5.052614580812225e-07,3.5435351315053277e-07,1.1748886284851228e-08,-8.757549932161512e-16,2.074154607446672e-14,-35798869199.57906,93617152285768.6
negative_chirp,200,400,unitary_projection,1.1931688899451942e-05,8.711005101200373e-06,1.0862956669898843e-05,-8.758053175357544e-16,2.0741506579545713e-14,-35638085814.98549,93616905871178.81
asymmetric,0.5,1,baseline_complex64,9.877716903838683e-08,2.574792747209295e-08,2.3978201244330405e-08,6.725853567974168e-15,1.8465607936736957e-14,-71641623476.42082,43578529622903.16
asymmetric,0.5,1,orthonormal_fft,1.6220937262759508e-07,3.7598892338668194e-08,1.8474061922787923e-07,6.725853167724082e-15,1.846560800799812e-14,-71641744873.539,43578535592382.43
asymmetric,0.5,1,mixed_precision,2.4628619087794862e-08,1.17607045152848e-10,2.9318900118941952e-08,6.7258536308172216e-15,1.846560765384884e-14,-71641883160.76027,43578531688178.14
asymmetric,0.5,1,unitary_projection,9.877716903838683e-08,2.574792747209295e-08,2.3978201244330405e-08,6.725853567974168e-15,1.8465607936736957e-14,-71641623476.42082,43578529622903.16
asymmetric,20,40,baseline_complex64,1.007896084584674e-06,6.730930493836459e-07,1.7066977508295627e-07,6.707909201677004e-15,1.846078879292623e-14,-71636876017.34435,43578524929556.33
asymmetric,20,40,orthonormal_fft,2.57463721369241e-06,9.018200632411416e-07,3.99456727954523e-06,6.707903580196038e-15,1.8460796603798472e-14,-71635161204.68933,43578557015562.83
asymmetric,20,40,mixed_precision,1.5535229861380457e-07,1.0209025695662391e-07,6.162718626163041e-09,6.707913748471863e-15,1.8460784753718214e-14,-71641844711.80313,43578538895901.65
asymmetric,20,40,unitary_projection,9.814474361228926e-07,6.379929021970606e-07,3.704899495170822e-07,6.707909227129859e-15,1.8460788948861692e-14,-71636890077.73972,43578531636243.61
asymmetric,200,400,baseline_complex64,8.012269634506124e-06,5.046904259249982e-06,1.631404957768401e-06,6.506319497708806e-15,1.8433010076862644e-14,-71587092196.57793,43578525057280.45
asymmetric,200,400,orthonormal_fft,2.3180978567736966e-05,1.0983524306838383e-05,3.690705861830651e-05,6.506252705320413e-15,1.843309403474004e-14,-71592419215.74577,43578652639500.23
asymmetric,200,400,mixed_precision,4.899946327992918e-07,3.439430966442746e-07,1.3032525880797983e-08,6.506359677977147e-15,1.843297239168352e-14,-71642136180.55763,43578543087559.91
asymmetric,200,400,unitary_projection,7.98167732674779e-06,5.012855442450473e-06,1.9940287931114713e-06,6.506319282215516e-15,1.843301074755421e-14,-71586771390.56993,43578541171448.24
high_k,0.5,1,baseline_complex64,1.1449546634081463e-07,7.944692170040779e-08,1.733587353958058e-08,-7.428284852673505e-16,2.073160471579704e-14,-430937717.29988676,10442323694520.232
high_k,0.5,1,orthonormal_fft,1.6944955440942968e-07,9.078409196945425e-08,1.4393034312844335e-07,-7.42828308199577e-16,2.073160479670408e-14,-430930258.3752681,10442325765440.97
high_k,0.5,1,mixed_precision,2.4205426675189035e-08,1.2024485259358036e-08,4.976161100690292e-10,-7.428284068426279e-16,2.073160469096023e-14,-430977071.3462237,10442324071708.09
high_k,0.5,1,unitary_projection,1.1449546634081463e-07,7.944692170040779e-08,1.733587353958058e-08,-7.428284852673505e-16,2.073160471579704e-14,-430937717.29988676,10442323694520.232
high_k,20,40,baseline_complex64,1.1529986736101873e-06,6.991076742836872e-07,4.294442189166464e-07,-1.6795560039970694e-15,2.0731708489197915e-14,-430325366.55186385,10442318609580.1
high_k,20,40,orthonormal_fft,3.0195965995569334e-06,1.1426509347380899e-06,5.019184364464379e-06,-1.6795546488799272e-15,2.0731709920654564e-14,-430264319.8993494,10442319067043.764
high_k,20,40,mixed_precision,1.5919816225710727e-07,1.0142729982606687e-07,1.566047204114286e-09,-1.6795569147294787e-15,2.073170578734795e-14,-430913330.25487244,10442324316923.422
high_k,20,40,unitary_projection,1.2074685265233588e-06,7.289055008414223e-07,6.773247837529411e-07,-1.679555720884035e-15,2.0731708513882443e-14,-430363753.389012,10442317237997.791
high_k,200,400,baseline_complex64,8.123478406935996e-06,4.985012300731493e-06,3.731070393107584e-06,-4.802338444178223e-15,2.3107487466606565e-14,-425165309.933539,10442196637122.277
high_k,200,400,orthonormal_fft,2.7333946931721837e-05,1.0583477034894913e-05,4.9002032684046715e-05,-4.8023121209972615e-15,2.3107480159400104e-14,-426460352.3995091,10442118998017.459
high_k,200,400,mixed_precision,5.033706511772538e-07,3.557497533590007e-07,2.1762336772643487e-08,-4.8023766037555305e-15,2.3107488130232135e-14,-430957192.34570175,10442327012864.777
high_k,200,400,unitary_projection,8.8099806218704e-06,5.4923336564164954e-06,6.820633608353878e-06,-4.802341650916623e-15,2.3107487249535902e-14,-425630329.09272516,10442206503219.932
edge_localized,0.5,1,baseline_complex64,1.1111411466133147e-07,6.583797768919245e-08,6.417146890849436e-08,-7.214881273185239e-16,2.073232209668778e-14,-430944577.3649604,10442323425025.611
edge_localized,0.5,1,orthonormal_fft,1.8426429893972422e-07,9.119229287865352e-08,2.0177246264831698e-07,-7.214882552007816e-16,2.073232206473602e-14,-430939793.242695,10442322202488.66
edge_localized,0.5,1,mixed_precision,2.496334958532782e-08,5.634916592525551e-10,4.061074846569583e-08,-7.214881581258807e-16,2.073232199910388e-14,-430967072.63332087,10442323878597.49
edge_localized,0.5,1,unitary_projection,1.1111411466133147e-07,6.583797768919245e-08,6.417146890849436e-08,-7.214881273185239e-16,2.073232209668778e-14,-430944577.3649604,10442323425025.611
edge_localized,20,40,baseline_complex64,1.9302293948685076e-06,9.397599498272563e-07,2.619948882008261e-06,-8.111100552909254e-16,2.0730803895084107e-14,-430281689.9372958,10442323620192.197
edge_localized,20,40,orthonormal_fft,4.157793072323292e-06,1.345479010784799e-06,7.198419588012799e-06,-8.111091698391098e-16,2.0730806566625785e-14,-429752353.95969176,10442328107931.215
edge_localized,20,40,mixed_precision,1.6257163447943773e-07,1.0823559990440566e-07,8.340026904729898e-10,-8.111096340924704e-16,2.0730802373548687e-14,-430954278.91216797,10442325026961.191
edge_localized,20,40,unitary_projection,1.7216210764842097e-06,9.623309830186933e-07,1.9746054896222236e-06,-8.111104810334049e-16,2.0730804768937325e-14,-430401162.53377235,10442314352013.096
edge_localized,200,400,baseline_complex64,1.6217219575139477e-05,1.0114119273100831e-05,2.1183368433697966e-05,-1.5057734894917533e-15,2.0805292549335352e-14,-422266981.0895978,10442298092932.627
edge_localized,200,400,orthonormal_fft,3.786458574036827e-05,1.5560037119629622e-05,6.7413724444796e-05,-1.5057534782752099e-15,2.080531750484318e-14,-421807705.08271694,10442257247675.508
edge_localized,200,400,mixed_precision,5.019456209809133e-07,3.569801320832117e-07,4.2212114305065126e-09,-1.505781724435306e-15,2.0805270276508014e-14,-430934458.30996156,10442323515466.793
edge_localized,200,400,unitary_projection,1.586857305297415e-05,9.885908499128889e-06,2.072759770758815e-05,-1.5057740858720826e-15,2.0805292815442814e-14,-422976948.31972444,10442287022506.723
production_shape,0.5,1,baseline_complex64,9.842242596329289e-08,3.992886388202689e-08,3.962130270079632e-08,-7.196095797510534e-16,2.0732386149530042e-14,-430961914.7218232,10442322818869.414
production_shape,0.5,1,orthonormal_fft,1.4041866663050868e-07,5.205121028151752e-08,1.5981119788884493e-07,-7.19609384410775e-16,2.0732386182233117e-14,-430964375.44586545,10442324946787.809
production_shape,0.5,1,mixed_precision,2.405827320248519e-08,1.3490071881725815e-10,4.688100866806948e-08,-7.19609496355286e-16,2.0732386131114337e-14,-430952700.2676364,10442324334025.316
production_shape,0.5,1,unitary_projection,9.842242596329289e-08,3.992886388202689e-08,3.962130270079632e-08,-7.196095797510534e-16,2.0732386149530042e-14,-430961914.7218232,10442322818869.414
production_shape,20,40,baseline_complex64,9.092399405062063e-07,6.438860906385182e-07,8.14559788882702e-08,-7.345408848628326e-16,2.073197872595056e-14,-430181274.4778817,10442315634006.38
production_shape,20,40,orthonormal_fft,2.318119406846129e-06,9.288084021508071e-07,3.783746508263928e-06,-7.345390112779166e-16,2.073198018475831e-14,-430476579.92054653,10442328733868.568
production_shape,20,40,mixed_precision,1.5007728587277177e-07,9.86282717969656e-08,2.4264265140760014e-09,-7.345408609059892e-16,2.07319760627718e-14,-430927138.8716367,10442324405692.158
production_shape,20,40,unitary_projection,8.994816126705522e-07,6.499621415905116e-07,7.079655055622904e-08,-7.345407332900736e-16,2.0731978505035975e-14,-430129839.45911545,10442316773120.355
production_shape,200,400,baseline_complex64,6.513553964080305e-06,3.9009451806109625e-06,9.195314384597142e-07,-8.684135110104346e-16,2.07340256307256e-14,-422976320.14229393,10442323211409.844
production_shape,200,400,orthonormal_fft,2.011946609429597e-05,8.74905932084382e-06,3.444174038519791e-05,-8.683973285433991e-16,2.073405753892985e-14,-423410062.41422373,10442297442916.844
production_shape,200,400,mixed_precision,4.981192686945527e-07,3.409426834975881e-07,1.7706340546834368e-08,-8.684147152498281e-16,2.0734005017089383e-14,-430964941.70826775,10442325941431.31
production_shape,200,400,unitary_projection,6.560892557740705e-06,3.81269875091589e-06,1.9516479772762966e-06,-8.684137654072486e-16,2.0734026901918173e-14,-423606653.68074024,10442320646995.97
