lag_index,lag_fs,dimensionless_weight,equivalent_kernel_1_s,continuous_kernel_1_s
0,0.0,0.00043554930404081127,174219721616.32452,0.0
1,2.5,0.0025565911953032345,1022636478121.2938,1028249601859.3168
2,5.0,0.0049591981892467924,1983679275698.717,1989145019676.0317
3,7.5,0.007197851974219561,2879140789687.824,2884454375403.2324
4,10.0,0.009277114530307986,3710845812123.1943,3716003153026.9766
5,12.5,0.01120167056625299,4480668226501.195,4485665894956.159
6,15.0,0.012976307750533477,5190523100213.391,5195358294840.951
7,17.5,0.01460589792182854,5842359168731.416,5847029682202.44
8,20.0,0.016095379265535087,6438151706214.035,6442655893539.269
9,22.5,0.017449739441372212,6979895776548.885,6984232523919.06
10,25.0,0.018673999645600146,7469599858240.059,7473768552461.222
11,27.5,0.019773199590015358,7909279836006.144,7913280334571.287
12,30.0,0.02075238337864848,8300953351459.392,8304785953293.355
13,32.5,0.02161658626198424,8646634504793.696,8650299921704.142
14,35.0,0.02237082224753607,8948328899014.428,8951828227877.887
15,37.5,0.023020072544738517,9208029017895.406,9211363713603.627
16,40.0,0.023569274821361997,9427709928544.799,9430881777733.148
17,42.5,0.024023313248002755,9609325299201.102,9612336394777.295
18,45.0,0.024387009306649773,9754803722659.908,9757656439148.26
19,47.5,0.024665113338876516,9866045335550.605,9868742305263.814
20,50.0,0.024862296808842055,9944918723536.822,9947462813584.51
21,52.5,0.024983145256010284,9993258102404.113,9995652392544.566
22,55.0,0.02503215191230137,10012860764920.547,10015108526259.54
23,57.49999999999999,0.02501371195827252,10005484783309.008,10007589457847.186
24,60.0,0.02493211739288097,9972846957152.389,9974812138180.361
25,62.5,0.0247915524914055,9916620996562.201,9918450409900.44
26,65.0,0.024596089826190926,9838435930476.371,9840133416554.969
27,67.5,0.024349686825027025,9739874730010.81,9741444226782.316
28,70.0,0.02405618284217629,9622473136870.516,9623918663547.367
29,72.5,0.023719296717319243,9487718686927.697,9489044328534.145
30,75.0,0.02334262479798765,9337049919195.06,9338259811922.09
31,77.5,0.02292963940140213,9171855760560.852,9172954077911.184
32,80.0,0.02248368769201602,8993475076806.408,8994466016515.496
33,82.5,0.022007990951490274,8803196380596.11,8804084152313.916
34,85.0,0.021505644218279572,8602257687311.829,8603046501029.197
35,87.5,0.0209796162744959,8391846509798.36,8392540565000.864
36,90.0,0.020432749958228313,8173099983291.325,8173703458822.699
37,92.5,0.01986776278003394,7947105112013.576,7947622156630.148
38,95.0,0.01928724782287306,7714899129149.224,7715333852746.133
39,97.5,0.01869367490533621,7477469962134.483,7477826427623.993
40,100.0,0.01808939198860312,7235756795441.248,7236039011262.946
41,102.5,0.017476626808176982,6990650723270.793,6990862636513.238
42,105.0,0.016857488712053025,6742995484821.21,6743140974934.166
43,107.5,0.01623397068760358,6493588275041.432,6493671148117.753
44,110.0,0.015607951560091838,6243180624036.735,6243204607642.689
45,112.5,0.014981198346360336,5992479338544.134,5992448077076.985
46,114.99999999999999,0.014355368747876877,5742147499150.751,5742064549702.356
47,117.5,0.013732013767957773,5492805507183.109,5492674335888.291
48,120.0,0.013112580438624054,5245032175449.622,5244856154298.231
49,122.50000000000001,0.01249841464318003,4999365857272.012,4999148261363.667
50,125.0,0.011890764021232719,4756305608493.088,4756049613713.808
51,127.50000000000001,0.011290780943494502,4516312377397.801,4516021058497.954
52,130.0,0.010699525544328679,4279810217731.4717,4279486546784.7275
53,132.5,0.010117968800606687,4047187520242.675,4046834365465.9253
54,135.0,0.009546995646046151,3818798258418.4604,3818418383333.0503
55,137.5,0.008987408110789318,3594963244315.727,3594559307230.6763
56,140.0,0.008439928476560957,3375971390624.383,3375545944422.619
57,142.5,0.007905202438312742,3162080975325.0967,3161636467534.254
58,145.0,0.007383802263816746,2953520905526.6987,2953059678656.307
59,147.5,0.006876229943213124,2750491977285.2495,2750016269412.7573
60,150.0,0.006382920321046167,2553168128418.467,2552680074006.885
61,152.5,0.005904244203837666,2361697681535.0664,2361199312465.569
62,155.0,0.005440511436746915,2176204574698.766,2175697821502.0708
63,157.5,0.0049919739433521605,1996789577340.8643,1996276270611.702
64,160.0,0.004558828723058431,1823531489223.3723,1823013361202.9033
65,162.5,0.004141220801091565,1656488320436.626,1655967006748.1536
66,165.0,0.0037392461264772942,1495698450590.9177,1495175492114.7832
67,167.5,0.0033529544138275144,1341181765531.0059,1340658610405.1145
68,170.0,0.0029823519251633572,1192940770065.3428,1192418775798.228
69,172.5,0.0026274041883960954,1050961675358.4382,1050442111042.3899
70,175.0,0.0022880386494623923,915215459784.9569,914699508397.1912
71,177.5,0.001964147255470077,785658902188.0308,785147662968.4739
72,180.0,0.001655588966554342,662235586621.7368,661730077516.4604
73,182.5,0.00136219219447234,544876877788.93604,544378037948.85406
74,185.0,0.0010837571662766171,433502866510.64685,433011558835.5551
75,187.5,0.000820058211704896,328023284681.95844,327540298400.5285
76,190.0,0.0005708459732056188,228338389282.24753,227864442559.07898
77,192.5,0.0003358495377855744,134339815114.22977,133875557675.55254
78,195.0,0.00011477849011814373,45911396047.25749,45457411817.35731
79,197.5,-9.267511341149263e-05,-37070045364.59705,-37513235623.670944
80,200.0,-0.00028683484982420604,-114733939929.68242,-115165875982.1452
81,202.5,-0.0004680381137180117,-187215245487.20468,-187635524997.81134
82,205.0,-0.0006366343801862057,-254653752074.4823,-255062027999.19012
83,207.5,-0.0007929835459932041,-317193418397.2817,-317589396395.94385
84,210.0,-0.0009374543483482459,-374981739339.29834,-375365175215.6853
85,212.5,-0.0010704228604591966,-428169144183.67865,-428539841357.66724
86,215.0,-0.0011922710629027004,-476908425161.08014,-477266232177.49677
87,217.5,-0.0013033854897126329,-521354195885.05316,-521699003963.2675
88,220.0,-0.0014041559479658426,-561662379186.337,-561994119814.3408
89,222.5,-0.0014949743095319713,-597989723812.7885,-598308366389.1449
90,225.0,-0.001576233373552542,-630493349421.0168,-630798898947.7366
91,227.5,-0.0016483257981229351,-659330319249.1741,-659622814078.237
92,229.99999999999997,-0.0017116430995689808,-684657239827.5923,-684936749463.5417
93,232.50000000000003,-0.0017665747176373234,-706629887054.9293,-706896510015.6493
94,235.0,-0.0018135071448550158,-725402857942.0063,-725656719679.5315
95,237.5,-0.0018528231182585889,-741129247303.4355,-741370498186.3549
96,240.0,-0.0018849008716457579,-753960348658.3031,-754189162017.0732
97,242.49999999999997,-0.0019101134464635234,-764045378585.4094,-764261948821.6364
98,245.00000000000003,-0.0019288280594143613,-771531223765.7445,-771735764526.2825
99,247.5,-0.0019414055248371067,-776562209934.8427,-776754952351.3112
100,250.0,-0.0019481997299005919,-779279891960.2367,-779461082954.3785
101,252.49999999999997,-0.0019495571606357644,-779822864254.3058,-779992764909.3889
102,255.00000000000003,-0.0019458164768255599,-778326590730.224,-778485474728.5269
103,257.5,-0.0019373081337708427,-774923253508.337,-775071405634.571
104,260.0,-0.0019243540489548674,-769741619581.9469,-769879334292.314
105,262.5,-0.0019072673116377753,-762906924655.1101,-763034504711.5488
106,265.0,-0.0018863519334261156,-754540773370.4463,-754658528539.4707
107,267.5,-0.0018619026378800536,-744761055152.0215,-744869300967.4369
108,270.0,-0.0018342046872425,-733681874897.0,-733780931485.6536
109,272.5,-0.0018035337443994823,-721413497759.793,-721503688729.4135
110,275.0,-0.0017701557682095026,-708062307283.801,-708143958671.8809
111,277.5,-0.0017343269403710152,-693730776148.4061,-693804215430.9851
112,280.0,-0.0016962936220312882,-678517448812.5153,-678583003971.6445
113,282.5,-0.0016562923383765056,-662516935350.6023,-662574933999.1946
114,285.0,-0.0016145497894818179,-645819915792.7272,-645870684355.4313
115,287.5,-0.0015712828857408203,-628513154296.3281,-628557017245.0095
116,290.0,-0.001526698806236537,-610679522494.6147,-610716801636.9683
117,292.5,-0.0014809950784600394,-592398031384.0157,-592429045203.7988
118,295.0,-0.0014343596778282845,-573743871131.3138,-573768934178.6484
119,297.5,-0.0013869711454992648,-554788458199.7059,-554807880529.862
120,300.0,-0.0013389987230300582,-535599489212.0233,-535613575871.07935
121,302.5,-0.0012906025024715746,-516241000988.6298,-516250051544.3814
122,305.0,-0.0012419335905426024,-496773436217.04095,-496777744333.5171
123,307.5,-0.0011931342855749977,-477253714229.9991,-477253567283.93353
124,310.0,-0.0011443382659713185,-457735306388.5274,-457730985126.1335
125,312.5,-0.0010956707889658557,-438268315586.3423,-438260093818.73553
126,315.0,-0.001047248898529568,-418899559411.8272,-418887703747.44696
127,317.5,-0.000999181641308927,-399672656523.5708,-399657426135.96173
128,320.0,-0.0009515702895378391,-380628115815.1356,-380609762244.4596
129,322.5,-0.0009045085699106843,-361803427964.27374,-361782194950.9378
130,325.0,-0.0008580828974528178,-343233158981.12714,-343209282329.94025
131,327.5,-0.0008123726134727325,-324949045389.093,-324922752862.3724
132,330.0,-0.0007674502267271788,-306980090690.8715,-306951601928.957
133,332.5,-0.0007233816569769553,-289352662790.7821,-289322189258.43463
134,335.0,-0.0006802264801567059,-272090592062.68234,-272058337019.877
135,337.5,-0.0006380381744267536,-255215269770.70145,-255181428266.35486
136,340.0,-0.00059686436641883,-238745746567.53198,-238710505454.73657
137,342.5,-0.0005567470770303446,-222698830812.13782,-222662368783.51105
138,345.0,-0.0005177229661636199,-207089186465.44797,-207051674107.23788
139,347.5,-0.00047982357584722515,-191929430338.89005,-191891030202.51938
140,350.0,-0.0004430755712161033,-177230228486.4413,-177191095176.20825
141,352.5,-0.0004075009788656475,-163000391546.259,-162960671821.95352
142,355.0,-0.00037311742213213124,-149246968852.8525,-149206801746.0822
143,357.5,-0.00033993835288797066,-135975341155.18826,-135934858098.25545
144,360.0,-0.00030797327947516573,-123189311790.0663,-123148636756.27437
145,362.5,-0.00027722799043389024,-110891196173.55609,-110850445827.86288
146,365.0,-0.0002477047737155992,-99081909486.23969,-99041193345.2236
147,367.5,-0.00021940263110119235,-87761052440.47694,-87720473040.61308
148,370.0,-0.00019231748757467842,-76926995029.87137,-76886648103.16643
149,372.5,-0.0001664423954314595,-66576958172.5838,-66536932828.653244
150,375.0,-0.00014176773292780403,-56707093171.12161,-56667472084.83502
151,377.5,-0.00011828139730427191,-47312558921.70876,-47273418525.57233
152,380.0,-9.596899204086046e-05,-38387596816.344185,-38349007496.82513
153,382.5,-7.481400822540687e-05,-29925603290.162746,-29887629587.20512
154,385.0,-5.4797999939387596e-05,-21919199975.75504,-21881900784.771526
155,387.5,-3.590075358666107e-05,-14360301434.664427,-14323730210.32894
156,390.0,-1.810045111096341e-05,-7240180444.385364,-7204385405.591259
157,392.5,-1.3738270670906754e-06,-549530826.8362702,-514555162.21650505
158,395.0,1.4303680471290953e-05,5721472188.516381,5755590115.068173
159,397.5,2.8957785167342487e-05,11583114066.936995,11616340511.274958
160,400.0,4.2615213824538e-05,17046085529.8152,17078391163.570724
161,402.5,5.530357390740111e-05,22121429562.960445,22152789271.055515
162,405.0,6.705122713514795e-05,26820490854.05918,26850883534.12884
163,407.5,7.788716909106862e-05,31154867636.427444,31184276000.548103
164,410.0,8.784091477860807e-05,35136365911.44323,35164776290.530594
165,412.5,9.694239004416455e-05,38776956017.66582,38804358168.87778
166,415.0,0.00010522182877656897,42088731510.62759,42115118428.07868
167,417.5,0.00011270967578402613,45083870313.61045,45109238042.675644
168,420.0,0.00011943649524094206,47774598096.37682,47798945551.83571
169,422.5,0.00012543288458950993,50173153835.80397,50196482624.052444
170,425.0,0.00013072939377415147,52291757509.66059,52314071755.18985
171,427.5,0.0001353564496808643,54142579872.34572,54163886048.667755
172,430.0,0.00013934428564820017,55737714259.28007,55758021024.45298
173,432.5,0.00014272287591194513,57089150364.77805,57108468401.66534
174,435.0,0.00014552187484156325,58208749936.6253,58227091798.002205
175,437.5,0.00014777056082308576,59108224329.2343,59125604287.83383
176,440.0,0.000149497784640316,59799113856.126396,59815547759.70012
177,442.5,0.00015073192220398552,60292768881.59421,60308274013.04474
178,445.0,0.00015150083147677496,60600332590.709984,60614927533.33528
179,447.5,0.0001518318134408946,60732725376.357834,60746429884.23334
180,450.0,0.000151751576954182,60700630781.672806,60713465655.17936
181,452.5,0.00015128620734035763,60514482936.14305,60526469902.638794
182,455.0,0.00015046113855920375,60184455423.6815,60195617023.29954
183,457.5,0.00014930112880292705,59720451521.17082,59730810997.714066
184,459.99999999999994,0.0001478302393658314,59132095746.332565,59141676943.22588
185,462.5,0.00014607181663563675,58428726654.2547,58437553915.503006
186,465.00000000000006,0.00014404847705629223,57619390822.51689,57627488898.60916
187,467.5,0.0001417820949139429,56712837965.57716,56720231924.26744
188,470.0,0.00013929379279978984,55717517119.91594,55724232261.802475
189,472.49999999999994,0.00013660393460589713,54641573842.35885,54647635621.17835
190,475.0,0.00013373212091255415,53492848365.02166,53498282312.56518
191,477.50000000000006,0.00013069718662854472,52278874651.417885,52283706306.97153
192,480.0,0.00012751720074860798,51006880299.44319,51011135143.6502
193,482.5,0.00012420946809547803,49683787238.191216,49687490631.22644
194,484.99999999999994,0.00012079053291712418,48316213166.84967,48319390290.79549
195,487.5,0.00011727618421319404,46910473685.27761,46913149490.58353
196,490.00000000000006,0.00011368146266813869,45472585067.25548,45474784223.162834
197,492.49999999999994,0.00011002066907208106,44008267628.83242,44010014477.64248
198,495.0,0.0001063073741141503,42522949645.66012,42524268160.720085
199,497.49999999999994,0.00010255442943672572,41021771774.690285,41022685521.97279
200,500.0,9.877397984281855e-05,39509591937.12742,39510124040.27464
201,502.50000000000006,9.497747655263241e-05,37990990621.05296,37991163729.75844
202,504.99999999999994,9.117569140918932e-05,36470276563.67573,36470112825.274506
203,507.5,8.737873193677106e-05,34951492774.70842,34951013808.84634
204,510.00000000000006,8.359605715978494e-05,33438422863.913975,33437649740.16848
205,512.5,7.983649409352743e-05,31934597637.410973,31933550855.73442
206,515.0,7.610825482216005e-05,30443301928.864017,30442001402.72191
207,517.5,7.241895408303024e-05,28967581633.212097,28966046675.291283
208,520.0,6.877562728026201e-05,27510250912.104805,27508500222.46499
209,522.5,6.51847488542821e-05,26073899541.712837,26071951198.2595
210,525.0,6.165225093765165e-05,24660900375.06066,24658771826.21702
211,527.5,5.818354223121739e-05,23273416892.486954,23271124951.945507
212,530.0,5.478352703818268e-05,21913410815.27307,21910971658.709587
213,532.5,5.1456624397219675e-05,20582649758.88787,20580078922.522648
214,535.0,4.8206787259195977e-05,19282714903.67839,19280027284.572155
215,537.5,4.503752165546147e-05,18015008662.18459,18012218520.159355
216,540.0,4.195190580894439e-05,16780762323.577757,16777883284.654785
217,542.5,3.8952609142513925e-05,15581043657.00557,15578088718.257343
218,545.0,3.604191114220398e-05,14416764456.881592,14413745992.594784
219,547.5,3.322172003592788e-05,13288688014.371153,13285617783.423754
220,550.0,3.0493591251271596e-05,12197436500.508638,12194325654.864645
221,552.5,2.785874561880813e-05,11143498247.523252,11140357341.753471
222,555.0,2.531808729014549e-05,10127234916.058195,10124073917.797956
223,557.5,2.287222134258839e-05,9148888537.035357,9145716838.29308
224,560.0,2.0521471044872777e-05,8208588417.949111,8205414847.18326
225,562.5,1.8265894760906933e-05,7306357904.362773,7303190739.247948
226,565.0,1.6105302470839725e-05,6442120988.33589,6438967969.141406
227,567.5,1.4039271891058449e-05,5615708756.42338,5612577099.931902
228,570.0,1.2067164176908825e-05,4826865670.76353,4823762084.659662
229,572.5,1.0188139194024233e-05,4075255677.609693,4072186375.271961
230,575.0,8.401170346145013e-06,3360468138.458005,3357438854.0911994
231,577.5,6.7050589492162115e-06,2682023579.686485,2679039583.7332954
232,580.0,5.098448143356763e-06,2039379257.342705,2036445372.11834
233,582.5,3.57983633601472e-06,1431934534.4058878,1429055149.9005663
234,585.0,2.147590171245394e-06,859036068.4981576,856215158.2970753
235,587.5,7.999570215899229e-07,319982808.63596916,317223945.9077749
236,590.0,-4.649229995225564e-07,-185969199.80902258,-188662826.3002624
237,592.5,-1.6490055055588825e-06,-659602202.223553,-662227772.1257911
238,595.0,-2.7543307842859993e-06,-1101732313.7143998,-1104287359.154111
239,597.5,-3.7830132230281544e-06,-1513205289.2112617,-1515687678.956493
240,600.0,-4.737231208896014e-06,-1894892483.5584056,-1897300407.3128045
241,602.5,-5.619217500063395e-06,-2247687000.025358,-2250018952.885631
242,605.0,-6.431250063206246e-06,-2572500025.2824984,-2574754792.3885217
243,607.5,-7.175643371324257e-06,-2870257348.5297027,-2872433989.9350834
244,610.0,-7.854740155348615e-06,-3141896062.139446,-3143993897.9272428
245,612.5,-8.470903602184625e-06,-3388361440.87385,-3390380036.5405245
246,615.0,-9.026509991155768e-06,-3610603996.462307,-3612543148.5903625
247,617.5,-9.523941760191253e-06,-3809576704.076501,-3811436426.3147173
248,620.0,-9.965580992541524e-06,-3986232397.0166097,-3988012906.3843603
249,622.5,-1.0353803314302787e-05,-4141521325.7211146,-4143223029.251829
250,625.0,-1.0690972192588771e-05,-4276388877.0355086,-4278012358.7719674
251,627.5,-1.097943362379578e-05,-4391773449.5183115,-4393319457.871357
252,630.0,-1.1221511201069593e-05,-4488604480.427837,-4490073915.907945
253,632.5,-1.1419501549791924e-05,-4567800619.91677,-4569194523.246654
254,635.0,-1.1575670119662938e-05,-4630268047.865175,-4631587588.479975
255,637.5,-1.1692247321757186e-05,-4676898928.702874,-4678145393.643117
256,640.0,-1.177142499877566e-05,-4708569999.510264,-4709744782.711405
257,642.5,-1.1815353216600257e-05,-4726141286.640102,-4727245878.621326
258,645.0,-1.1826137365180598e-05,-4730454946.072239,-4731490924.025748
259,647.5,-1.1805835556739478e-05,-4722334222.695791,-4723303240.976972
260,650.0,-1.1756456309275988e-05,-4702582523.710395,-4703486304.728151
261,652.5,-1.1679956503368397e-05,-4671982601.347359,-4672822926.852602
262,655.0,-1.1578239600329908e-05,-4631295840.131963,-4632074542.901888
263,657.5,-1.1453154109851926e-05,-4581261643.94077,-4581980599.855216
264,660.0,-1.1306492295373596e-05,-4522596918.149439,-4523258038.655062
265,662.5,-1.1139989105545686e-05,-4455995642.218274,-4456600867.175557
266,665.0,-1.0955321320307512e-05,-4382128528.123005,-4382679819.030327
267,667.5,-1.0754106900266441e-05,-4301642760.106577,-4302142093.695116
268,670.0,-1.0537904528258471e-05,-4215161811.3033886,-4215611173.495931
269,672.5,-1.0308213332174173e-05,-4123285332.8696694,-4123686713.0959225
270,675.0,-1.0066472778355005e-05,-4026589111.342002,-4026944497.2027516
271,677.5,-9.814062725100133e-06,-3925625090.0400534,-3925936462.311696
272,680.0,-9.552303626069451e-06,-3820921450.4277806,-3821190778.3988724
273,682.5,-9.28245687362681e-06,-3712982749.4507236,-3713211986.581531
274,685.0,-9.005725272433898e-06,-3602290108.9735594,-3602481188.8694143
275,687.5,-8.723253633879806e-06,-3489301453.5519223,-3489456286.241094
276,690.0,-8.436129482213619e-06,-3374451792.8854475,-3374572261.391844
277,692.5,-8.145383863534506e-06,-3258153545.4138026,-3258241502.614832
278,695.0,-7.85199224908642e-06,-3140796899.6345677,-3140854165.3941884
279,697.5,-7.556875524599672e-06,-3022750209.839869,-3022778568.4070063
280,700.0,-7.2609010577206736e-06,-2904360423.088269,-2904361620.750525
281,702.5,-6.96488383587105e-06,-2785953534.3484197,-2785929277.3310213
282,705.0,-6.6695876671779615e-06,-2667835066.871185,-2667787019.4711556
283,707.5,-6.375726437418662e-06,-2550290574.967465,-2550220357.913089
284,710.0,-6.083965416222497e-06,-2433586166.488999,-2433495355.514462
285,712.5,-5.7949226060716465e-06,-2317969042.4286585,-2317859167.054146
286,715.0,-5.509170127938856e-06,-2203668051.1755424,-2203540593.68292
287,717.5,-5.227235637693721e-06,-2090894255.0774884,-2090750649.671874
288,720.0,-4.949603767699263e-06,-1979841507.079705,-1979683139.2274613
289,722.5,-4.676717588306914e-06,-1870687035.3227656,-1870515241.256433
290,725.0,-4.408980084239891e-06,-1763592033.6959565,-1763408100.0769696
291,727.5,-4.1467556411319205e-06,-1658702256.452768,-1658507420.1828344
292,730.0,-3.89037153776e-06,-1556148615.104,-1555944063.2762716
293,732.5,-3.6401194397760795e-06,-1456047775.9104319,-1455834645.8918653
294,735.0,-3.396256891002628e-06,-1358502756.4010513,-1358282136.0373936
295,737.5,-3.159008798611037e-06,-1263603519.4444149,-1263376447.379643
296,740.0,-2.9285689087490262e-06,-1171427563.4996104,-1171195029.6017838
297,742.5,-2.705101269424217e-06,-1082040507.7696867,-1081803453.6553683
298,745.0,-2.4887416776842437e-06,-995496671.0736974,-995255990.7234948
299,747.5,-2.2795991083609473e-06,-911839643.344379,-911596183.8021731
300,750.0,-2.0777571218650536e-06,-831102848.7460214,-830857410.89492
301,752.5,-1.8832752487302729e-06,-753310099.4921092,-753063438.9002279
302,755.0,-1.6961903488098587e-06,-678476139.5239434,-678228967.3534793
303,757.5,-1.5165179432262723e-06,-606607177.290509,-606360161.2637883
304,760.0,-1.3442535173638087e-06,-537701406.9455235,-537455172.3619366
305,762.5,-1.1793737933764053e-06,-471749517.35056216,-471504648.1485788
306,765.0,-1.021837970857113e-06,-408735188.3428452,-408492228.2015529
307,767.5,-8.715889344830835e-07,-348635573.7932334,-348395027.26804525
308,770.0,-7.285544276090861e-07,-291421771.0436344,-291184104.73114276
309,772.5,-5.926481909351642e-07,-237059276.3740657,-236824920.10116622
310,775.0,-4.637710655185014e-07,-185508426.20740056,-185277774.24014726
311,777.5,-3.4181205953749685e-07,-136724823.81499875,-136498236.08279568
312,780.0,-2.2664937834621514e-07,-90659751.33848606,-90437554.66953288
313,782.5,-1.1815141748111699e-07,-47260566.992446795,-47043056.35654283
314,785.0,-1.6177718398225407e-08,-6471087.359290163,-6258527.114346002
315,787.5,7.942011317105689e-08,31768045.268422756,31975420.129626796
316,790.0,1.687975262543753e-07,67519010.50175013,67720993.10774533
317,792.5,2.52116180975036e-07,100846472.39001441,101042882.75281256
318,795.0,3.295431420126343e-07,131817256.80505371,132007940.59107582
319,797.5,4.0125010892502757e-07,160500043.57001102,160684870.88241887
320,800.0,4.674126829909982e-07,186965073.19639927,187143937.37121618
321,802.5,5.282096701602266e-07,211283868.06409064,211456684.48235312
322,805.0,5.838224196306127e-07,233528967.85224506,233695672.7702273
323,807.5,6.344341975113979e-07,253773679.00455916,253934228.40393326
324,810.0,6.802295949744967e-07,272091837.9897987,272246206.4494532
325,812.5,7.213939702454109e-07,288557588.0981644,288705767.68919
326,815.0,7.581129237387767e-07,303245169.4955107,303387168.70076317
327,817.5,7.905718056023066e-07,316228722.24092263,316364564.9003738
328,820.0,8.189552548956695e-07,327582101.9582678,327711826.2412487
329,822.5,8.43446769598397e-07,337378707.8393588,337502365.24463457
330,825.0,8.642283066121975e-07,345691322.644879,345808977.0293827
331,827.5,8.814799108985687e-07,352591964.35942745,352703690.99633497
332,830.0,8.953793728716549e-07,358151749.148662,358257633.8154077
333,832.5,9.061019131491635e-07,362440765.2596654,362540903.3563211
334,835.0,9.138198937501036e-07,365527957.5000414,365622453.1984532
335,837.5,9.187025548176308e-07,367481021.9270523,367569987.35096264
336,840.0,9.209157759374988e-07,368366310.3749995,368449864.8113251
337,842.5,9.206218611180327e-07,368248744.44721305,368327013.58853465
338,845.0,9.179793464953172e-07,367191738.5981269,367264853.8163868
339,847.5,9.131428298279356e-07,365257131.9311742,365325229.5824773
340,850.0,9.062628208483619e-07,362505128.33934474,362568349.09969425
341,852.5,8.974856115432249e-07,358994244.61728996,359052732.84901875
342,855.0,8.869531654417906e-07,354781266.1767162,354835169.32531583
343,857.5,8.748030250011274e-07,349921210.00045097,349970678.02142745
344,860.0,8.611682361871621e-07,344467294.47486484,344512479.29021394
345,862.5,8.461772893634009e-07,338470915.7453604,338511970.72919
346,865.0,8.29954075613008e-07,331981630.2452032,332018709.7379949
347,867.5,8.126178576352812e-07,325047143.0541125,325080401.9050635
348,870.0,7.942832543741539e-07,317713301.74966156,317742894.8865251
349,872.5,7.750602385540569e-07,310024095.42162275,310050177.4474152
350,875.0,7.550541463171863e-07,302021658.52687454,302044383.34279615
351,877.5,7.343656981758206e-07,293746279.2703282,293765799.72422075
352,880.0,7.130910305137221e-07,285236412.2054888,285252879.765127
353,882.5,6.913217368917713e-07,276528694.75670856,276542259.2071952
354,885.0,6.691449184345979e-07,267657967.37383914,267668776.5383752
355,887.5,6.46643242597169e-07,258657297.0388676,258665496.52213746
356,890.0,6.238950096328846e-07,249558003.85315382,249563736.8065642
357,892.5,6.0097422610757e-07,240389690.44302803,240393097.3510296
358,895.0,5.779506848269556e-07,231180273.93078223,231181492.4174936
359,897.5,5.548900505685009e-07,221956020.22740033,221955184.88276073
360,900.0,5.318539510318661e-07,212741580.41274643,212738822.63740444
361,902.5,5.089000724457374e-07,203560028.97829497,203555476.8464639
362,905.0,4.860822592921552e-07,194432903.71686208,194426681.85635787
363,907.5,4.6345061763281874e-07,185380247.0531275,185372476.5418164
364,910.0,4.4105162154499635e-07,176420648.61799854,176411446.89588895
365,912.5,4.189282221976888e-07,167571288.87907553,167560769.6752982
366,915.0,3.971199591214351e-07,158847983.64857405,158836256.9224969
367,917.5000000000001,3.7566307324760514e-07,150265229.29904205,150252401.1947839
368,919.9999999999999,3.545906213151745e-07,141836248.5260698,141822421.3396877
369,922.5,3.339325912647755e-07,133573036.5059102,133558308.66454244
370,925.0,3.137160182611683e-07,125486407.30446732,125470873.35674153
371,927.5,2.939651010062912e-07,117586040.40251648,117569791.01953009
372,930.0000000000001,2.7470131802551936e-07,109880527.21020775,109863649.19641866
373,932.4999999999999,2.559435436298454e-07,102377417.45193815,102359993.76531115
374,935.0,2.3770816327619268e-07,95083265.31047708,95065375.09125067
375,937.5,2.2000918806714294e-07,88003675.22685717,87985393.83432011
376,940.0,2.028583681498262e-07,81143347.25993048,81124746.31660262
377,942.5000000000001,1.8626530479168694e-07,74506121.91667478,74487269.35931541
378,944.9999999999999,1.702375609282166e-07,68095024.37128663,68075984.50817198
379,947.5,1.5478076999459114e-07,61912307.997836456,61893141.57175752
380,950.0,1.3989874286936592e-07,55959497.14774637,55940261.40421466
381,952.5,1.25593572774086e-07,50237429.10963441,50218177.869784534
382,955.0000000000001,1.1186573798771795e-07,44746295.19508718,44727078.93279772
383,957.4999999999999,9.87142022493397e-08,39485680.899735875,39466546.8225022
384,960.0,8.613651273640045e-08,34454605.09456018,34435597.2276759
385,962.5,7.412889551922084e-08,29651558.207688335,29632717.48131273
386,965.0,6.26863484051156e-08,25074539.362046238,25055903.700749435
387,967.5000000000001,5.180273109770456e-08,20721092.439081825,20702696.853482883
388,969.9999999999999,4.147085260855384e-08,16588341.043421535,16570217.723551273
389,972.5,3.1682555869309934e-08,12673022.347723974,12655200.75776488
390,975.0,2.242879950296049e-08,8971519.801184196,8954026.775257185
391,977.5,1.3699736722744887e-08,5479894.689097955,5462754.527783338
392,980.0000000000001,5.484791336626278e-09,2193916.534650511,2177151.101948102
393,982.4999999999999,-2.2272691559547004e-09,-890907.6623818801,-907278.8419283408
394,984.9999999999999,-9.448263379988795e-09,-3779305.351995518,-3795264.9962731437
395,987.5,-1.619052881063601e-08,-6476211.524254403,-6491744.496893533
396,990.0,-2.246685739863442e-08,-8986742.959453769,-9001836.173710559
397,992.5000000000001,-2.8290434078425804e-08,-11316173.63137032,-11330815.954786267
398,994.9999999999999,-3.367477813567882e-08,-13469911.254271528,-13484093.414309505
399,997.4999999999999,-3.863368740502627e-08,-15453474.962010508,-15467189.452846704
400,1000.0,-4.318118526337224e-08,-17272474.105348896,-17285715.09598787
401,1002.5,-4.733147037913625e-08,-18932588.1516545,-18945351.395520374
402,1005.0000000000001,-5.1098869173193284e-08,-20439547.669277314,-20451830.41542166
403,1007.5000000000001,-5.449779094309407e-08,-21799116.37723763,-21810917.283288177
404,1009.9999999999999,-5.7542685598338406e-08,-23017074.239335362,-23028393.286302708
405,1012.5,-6.02480039510522e-08,-24099201.58042088,-24110039.989463713
406,1015.0,-6.262816050335712e-08,-25051264.201342847,-25061624.352582194
407,1017.5,-6.469749866998049e-08,-25878999.467992194,-25888884.821454853
408,1020.0000000000001,-6.647025837227618e-08,-26588103.34891047,-26597518.367671866
409,1022.4999999999999,-6.796054593773649e-08,-27184218.375094596,-27193168.45067917
410,1025.0,-6.918230623730201e-08,-27672922.494920805,-27681413.875009034
411,1027.5,-7.014929699127386e-08,-28059718.796509545,-28067758.514994532
412,1030.0,-7.08750651734235e-08,-28350026.069369398,-28357621.87879235
413,1032.5,-7.137292544191904e-08,-28549170.176767614,-28556330.483158942
414,1035.0,-7.165594052497904e-08,-28662376.209991615,-28669110.010131128
415,1037.5,-7.17369034886658e-08,-28694761.395466316,-28701078.216573644
416,1040.0,-7.162832181396531e-08,-28651328.725586124,-28657238.56744243
417,1042.5,-7.134240321023074e-08,-28536961.284092296,-28542474.563589327
418,1045.0,-7.089104309219379e-08,-28356417.236877516,-28361544.734984197
419,1047.5,-7.028581364804882e-08,-28114325.45921953,-28119078.270349342
420,1050.0,-6.953795442658768e-08,-27815181.770635076,-27819571.254394583
421,1052.5,-6.865836437199015e-08,-27463345.74879606,-27467383.484087747
422,1055.0,-6.765759523564596e-08,-27063038.094258387,-27066735.835708413
423,1057.5,-6.654584629528745e-08,-26618338.51811498,-26621708.154790763
424,1060.0,-6.533296031273717e-08,-26133184.12509487,-26136237.641475458
425,1062.5,-6.402842066271765e-08,-25611368.26508706,-25614117.70424414
426,1065.0,-6.264134956640463e-08,-25056539.82656185,-25058997.255507357
427,1067.5,-6.1180507364744e-08,-24472202.9458976,-24474380.423050407
428,1070.0,-5.96542927679634e-08,-23861717.10718536,-23863626.65190763
429,1072.5,-5.8070744019205356e-08,-23228297.607682142,-23229951.171833158
430,1075.0,-5.64375409117592e-08,-22575016.36470368,-22576425.806157224
431,1077.5,-5.4762007600987826e-08,-21904803.04039513,-21905980.098465655
432,1080.0,-5.305111615370691e-08,-21220446.461482763,-21221402.7342024
433,1082.5,-5.131149077947973e-08,-20524596.311791893,-20525343.23498093
434,1085.0,-4.9549412690034055e-08,-19819765.07601362,-19820313.904085394
435,1087.5,-4.777082553477804e-08,-19108330.213911217,-19108692.002350908
436,1090.0,-4.598134136218242e-08,-18392536.54487297,-18392722.134331077
437,1092.5,-4.418624705860793e-08,-17674498.82344317,-17674518.825382277
438,1095.0,-4.239051121797638e-08,-16956204.487190552,-16956069.271024387
439,1097.5,-4.059879139750611e-08,-16239516.559002444,-16239236.24066705
440,1100.0,-3.8815441716561913e-08,-15526176.686624765,-15525761.118520215
441,1102.5,-3.7044520757486653e-08,-14817808.302994661,-14817267.065237889
442,1105.0,-3.528979972909726e-08,-14115919.891638905,-14115262.284566708
443,1107.5,-3.355477085532302e-08,-13421908.342129208,-13421143.379992526
444,1110.0,-3.184265595324997e-08,-12737062.381299987,-12736198.787090836
445,1112.5,-3.015641516659582e-08,-12062566.066638328,-12061612.2679907
446,1115.0,-2.849875582237763e-08,-11399502.328951051,-11398466.455059566
447,1117.5,-2.687214138024689e-08,-10748856.552098757,-10747746.43159856
448,1120.0,-2.5278800445651503e-08,-10111520.1782606,-10110343.338013299
449,1122.5,-2.3720735819631212e-08,-9488294.327852486,-9487057.992584636
450,1125.0,-2.219973355967354e-08,-8879893.423869416,-8878604.516610276
451,1127.5,-2.0717372027636722e-08,-8286948.811054689,-8285613.954322535
452,1130.0,-1.9275030902289114e-08,-7710012.360915645,-7708637.878601808
453,1132.5,-1.787390013551963e-08,-7149560.054207852,-7148151.974110215
454,1135.0,-1.6514988832735152e-08,-6605995.533094061,-6604559.590052304
455,1137.5,-1.5199134039383964e-08,-6079653.6157535855,-6078195.255340311
456,1140.0,-1.3927009416919386e-08,-5570803.766767754,-5569328.149491286
457,1142.5,-1.26991337928555e-08,-5079653.5171422,-5078165.523117707
458,1145.0,-1.1515879570854002e-08,-4606351.8283416005,-4604856.062389304
459,1147.5,-1.0377480988027075e-08,-4150992.39521083,-4149493.1923409905
460,1150.0,-9.284042207839554e-09,-3713616.8831358217,-3712118.314382494
461,1152.5,-8.235545238149451e-09,-3294218.0952597805,-3292723.973826067
462,1155.0,-7.231857665031261e-09,-2892743.0660125045,-2891256.9536921247
463,1157.5,-6.272740194091087e-09,-2509096.0776364347,-2507621.2914773356
464,1160.0,-5.357853991997307e-09,-2143141.596798923,-2141681.2159771034
465,1162.5,-4.48676782192468e-09,-1794707.1287698718,-1793264.0016420516
466,1165.0,-3.658964967533595e-09,-1463585.987013438,-1462162.7383194459
467,1167.5,-2.87384994099046e-09,-1149539.976396184,-1148139.014583029
468,1170.0,-2.1307549713715547e-09,-852301.9885486219,-850925.5131897312
469,1172.5,-1.4289462705894667e-09,-571578.5082357867,-570228.5175205182
470,1175.0,-7.676300747314391e-10,-307052.02989257564,-305730.32816195977
471,1177.5,-1.4595845941075466e-10,-58383.38376430186,-57091.589071191076
472,1180.0,4.3696507160022975e-10,174786.0286400919,176046.4769677848
473,1182.5,9.820802245557608e-10,392832.0898223043,394059.92363480263
474,1185.0,1.4903647802539401e-09,596145.912101576,597340.0269151268
475,1187.5,1.962829683845634e-09,785131.8735382536,786291.3210752382
476,1190.0,2.4005143583826857e-09,960205.7433530743,961329.72414958
477,1192.5,2.8044822400737496e-09,1121792.8960294998,1122880.7521257813
478,1195.0,3.1758165327756533e-09,1270326.6131102613,1271377.8208371797
479,1197.5,3.5156161788386676e-09,1406246.471535467,1407260.6344097927
480,1200.0,3.824992043050382e-09,1529996.8172201528,1530973.6589598143
481,1202.5,4.105063306078448e-09,1642025.3224313792,1642964.6801012736
482,1205.0,4.356954063501521e-09,1742781.6254006082,1743683.4426983485
483,1207.5,4.581790126234624e-09,1832716.0504938497,1833580.3711838138
484,1210.0,4.780696017901299e-09,1912278.4071605196,1913105.3686639539
485,1212.5,4.954792164478864e-09,1981916.8657915455,1982706.6929390612
486,1215.0,5.105192271341994e-09,2042076.9085367974,2042829.9074894858
487,1217.5,5.233000882655709e-09,2093200.3530622837,2093916.9054061088
488,1220.0,5.339311117917099e-09,2135724.4471668396,2136405.004184893
489,1222.5,5.425202580317454e-09,2170081.0321269818,2170726.109252893
490,1225.0,5.49173943148922e-09,2196695.7725956882,2197305.9440511856
491,1227.5,5.539968627117491e-09,2215987.4508469966,2216563.3444658066
492,1230.0,5.57091830782854e-09,2228367.323131416,2228909.6153710284
493,1232.5,5.585596339721168e-09,2234238.5358884674,2234747.947030837
494,1235.0,5.58498899887575e-09,2233995.5995503,2234472.889091844
495,1237.5,5.570059794162506e-09,2228023.9176650024,2228469.879895946
496,1240.0,5.541748422672469e-09,2216699.3690689877,2217114.828841427
497,1242.5,5.500969852110394e-09,2200387.9408441577,2200773.7495278683
498,1245.0,5.448613524519094e-09,2179445.4098076373,2179802.441432212
499,1247.5,5.385542675746896e-09,2154217.0702987583,2154546.2178802537
500,1250.0,5.3125937651236894e-09,2125037.5060494756,2125339.6780994576
501,1252.5,5.2305760098768015e-09,2092230.4039507206,2092506.5211651206
502,1255.0,5.140271018891835e-09,2056108.407556734,2056359.399681747
503,1257.5,5.042432520508141e-09,2016973.0082032564,2017199.811075276
504,1260.0,4.937786179131305e-09,1975114.471652522,1975318.024408596
505,1262.5,4.827029495544253e-09,1930811.7982177013,1930993.0406731677
506,1265.0,4.710831785906283e-09,1884332.714362513,1884492.5845518196
507,1267.5,4.5898342345418615e-09,1835933.6938167445,1836073.1256936798
508,1270.0,4.464650015739509e-09,1785860.0062958037,1785979.9275889185
509,1272.5,4.3358644799049545e-09,1734345.791961982,1734447.1221810149
510,1275.0,4.204035399539757e-09,1681614.1598159028,1681697.808404734
511,1277.5,4.069693270647843e-09,1627877.308259137,1627944.1728909295
512,1280.0,3.933341665307064e-09,1573336.6661228256,1573387.6311326886
513,1282.5,3.795457631279133e-09,1518183.0525116532,1518218.9874622424
514,1285.0,3.6564921346701044e-09,1462596.8538680417,1462618.6122434086
515,1287.5,3.5168705417942098e-09,1406748.216717684,1406756.6347406986
516,1290.0,3.376993136534786e-09,1350797.2546139143,1350793.1501824125
517,1292.5,3.2372356696380368e-09,1294894.2678552147,1294878.439592314
518,1295.0,3.0979499365178684e-09,1239179.9746071473,1239153.2010208173
519,1297.5,2.9594643802918054e-09,1183785.7521167223,1183748.7908639906
520,1300.0,2.822084716909478e-09,1128833.8867637913,1128787.4740148706
521,1302.5,2.6860945793762458e-09,1074437.8317504984,1074382.6816481557
522,1305.0,2.551756178213666e-09,1020702.4712854665,1020639.2754950819
523,1307.5,2.419310975436804e-09,967724.3901747217,967653.8175204332
524,1310.0,2.2889803694649265e-09,915592.1477859706,915514.8439684636
525,1312.5,2.160966388516421e-09,864386.5554065685,864303.142798062
526,1315.0,2.035452390171026e-09,814180.9560684104,814092.0335805467
527,1317.5,1.9126037649128056e-09,765041.5059651223,764947.6489854704
528,1320.0,1.7925686415941204e-09,717027.4566376482,716929.217030718
529,1322.5,1.6754785928860534e-09,670191.4371544213,670089.3433230672
530,1325.0,1.561449338902129e-09,624579.7355608516,624474.2925641537
531,1327.5,1.4505814473011977e-09,580232.578920479,580124.2686442129
532,1330.0,1.3429610282909786e-09,537184.4113163914,537073.692692376
533,1332.5,1.2386604230661918e-09,495464.16922647675,495351.4784971071
534,1335.0,1.1377388843242292e-09,455095.55372969166,454981.30475419195
535,1337.5,1.0402432476074013e-09,416097.2990429605,415981.88364189496
536,1340.0,9.462085923227762e-10,378483.4369291105,378367.2252638862
537,1342.5,8.556588913896621e-10,342263.55655586487,342146.89754003566
538,1345.0,7.68607648560029e-10,307443.05942401156,307326.28116335056
539,1347.5,6.850585225490386e-10,274023.40901961544,273906.8192779602
540,1350.0,6.050059372008953e-10,242002.37488035814,241886.2615684807
541,1352.5,5.284356770001023e-10,211374.27080004092,211258.90248475026
542,1355.0,4.553254673190944e-10,182130.18692763775,182015.81335863096
543,1357.5,3.8564553887097983e-10,154258.21554839192,154145.06820029693
544,1360.0,3.19359175910047e-10,127743.6703640188,127631.96299132866
545,1362.5,2.564232477933324e-10,102569.29911733295,102459.2283199739
546,1365.0,1.967887235835554e-10,78715.48943342216,78607.23523083204
547,1367.5,1.4040116943763862e-10,56160.46777505545,56054.19418678159
548,1370.0,8.720122858519412e-11,34880.49143407765,34776.34706495587
549,1372.5,3.712508375854014e-11,14850.033503416056,14748.152131574276
550,1375.0,-9.89509801034981e-12,-3958.039204139924,-4057.5380381787695
551,1377.5,-5.39307382600028e-11,-21572.29530400112,-21669.305708665634
552,1380.0,-9.505643762301484e-11,-38022.57504920594,-38117.004195182446
553,1382.5,-1.3334958394497184e-10,-53339.833577988735,-53431.60111486238
554,1385.0,-1.6888997789895275e-10,-67555.9911595811,-67645.02863710347
555,1387.5,-2.017594759572541e-10,-80703.79038290163,-80790.0406780833
556,1390.0,-2.3204165054591903e-10,-92816.66021836762,-92900.0769694939
557,1392.5,-2.5982146717457005e-10,-103928.58686982802,-104009.13391843747
558,1395.0,-2.8518497830337987e-10,-114073.99132135195,-114151.64216308498
559,1397.5,-3.0821903368104313e-10,-123287.61347241726,-123362.35071760802
560,1400.0,-3.2901100686189155e-10,-131604.40274475663,-131676.2175895351
561,1402.5,-3.4764853758720183e-10,-139059.41503488075,-139128.30674348047
562,1405.0,-3.642192896946685e-10,-145687.7158778674,-145753.69127677643
563,1407.5,-3.788107242013061e-10,-151524.28968052246,-151587.36266501396
564,1410.0,-3.9150988718829533e-10,-156603.95487531813,-156664.14592886996
565,1412.5,-4.0240321210167026e-10,-160961.28484066812,-161018.62056767935
566,1415.0,-4.115763360699032e-10,-164630.53442796128,-164685.0471001472
567,1417.5,-4.1911392982860807e-10,-167645.57193144324,-167697.2990481972
568,1420.0,-4.2509954083327593e-10,-170039.81633331036,-170088.80019629304
569,1422.5,-4.296154491334951e-10,-171846.17965339802,-171892.46695555618
570,1425.0,-4.3274253557611694e-10,-173097.01423044677,-173140.6556595997
571,1427.5,-4.3456016190037067e-10,-173824.06476014826,-173865.11461725342
572,1430.0,-4.351460622847831e-10,-174058.42491391324,-174096.94074606212
573,1432.5,-4.3457624590413073e-10,-173830.49836165228,-173866.54060982008
574,1435.0,-4.3292491005401835e-10,-173169.96402160733,-173203.59568312683
575,1437.5,-4.3026436340146517e-10,-172105.74536058606,-172137.03166629383
576,1440.0,-4.2666495892154453e-10,-170665.9835686178,-170694.99167456938
577,1442.5,-4.221950360829457e-10,-168878.01443317826,-168904.8131268195
578,1445.0,-4.169208718490663e-10,-166768.34873962653,-166793.00816026313
579,1447.5,-4.109066400658378e-10,-164362.6560263351,-164385.24739970994
580,1450.0,-4.042143788128794e-10,-161685.75152515178,-161706.34691194046
581,1452.5,-3.9690396530080984e-10,-158761.58612032395,-158780.25817830887
582,1455.0,-3.8903309790434635e-10,-155613.23916173854,-155630.06092141243
583,1457.5,-3.806572849283008e-10,-152262.91397132032,-152277.95862465617
584,1460.0,-3.718298397116682e-10,-148731.9358846673,-148745.2765867663
585,1462.5,-3.6260188168350426e-10,-145040.7526734017,-145052.46235671543
586,1465.0,-3.5302234299331085e-10,-141208.93719732435,-141219.08839814467
587,1467.5,-3.4313798034808335e-10,-137255.19213923335,-137263.85683611917
588,1470.0,-3.3299339169790614e-10,-133197.35667916245,-133204.6061429679
589,1472.5,-3.2263103742205e-10,-129052.41496882,-129058.31962398073
590,1475.0,-3.120912656778939e-10,-124836.50627115756,-124841.13556788496
591,1477.5,-3.0141234158550483e-10,-120564.93663420193,-120568.35893122091
592,1480.0,-2.9063047993143865e-10,-116252.19197257546,-116254.47443005272
593,1482.5,-2.797798810862219e-10,-111911.95243448876,-111913.16091677904
594,1485.0,-2.688927698409073e-10,-107557.10793636291,-107557.30692420765
595,1487.5,-2.5799943687913355e-10,-103199.77475165341,-103199.02726346256
596,1490.0,-2.471282826122198e-10,-98851.31304488792,-98849.6805667361
597,1492.5,-2.3630586311584916e-10,-94522.34524633967,-94519.88767030597
598,1495.0,-2.2555693791799179e-10,-90222.77516719671,-90219.5507376872
599,1497.5,-2.1490451939868457e-10,-85961.80775947383,-85957.8730271531
600,1500.0,-2.0436992357320236e-10,-81747.96942928094,-81743.37921226383
601,1502.5,-1.939728220410072e-10,-77589.12881640288,-77583.93616833881
602,1505.0,-1.8373129489352635e-10,-73492.51795741054,-73486.77414211433
603,1507.5,-1.7366188438438026e-10,-69464.7537537521,-69458.50822603371
604,1510.0,-1.6377964917608799e-10,-65511.859670435195,-65505.16006278863
605,1512.5,-1.540982189874919e-10,-61639.28759499676,-61632.17970980827
606,1515.0,-1.446298494761638e-10,-57851.93979046553,-57844.46759742279
607,1517.5,-1.353854771999076e-10,-54154.19087996305,-54146.39651833474
608,1520.0,-1.2637477451104981e-10,-50549.90980441993,-50541.83358990097
609,1522.5,-1.1760620424661033e-10,-47042.48169864413,-47034.162134459504
610,1525.0,-1.0908707408658106e-10,-43634.82963463242,-43626.30342660019
611,1527.5,-1.0082359046143231e-10,-40329.43618457292,-40320.73825984249
612,1530.0,-9.28209118986062e-11,-37128.36475944248,-37119.52828862496
613,1532.5,-8.508320170614107e-11,-34033.280682456425,-34024.33710488204
614,1535.0,-7.761367989968629e-11,-31045.471959874518,-31036.451011708163
615,1537.5,-7.041467428700038e-11,-28165.869714800152,-28156.79945976956
616,1540.0,-6.348767063161615e-11,-25395.06825264646,-25385.975115135378
617,1542.5,-5.683336182463277e-11,-22733.344729853106,-22724.253530126396
618,1545.0,-5.045169600063262e-11,-20180.678400253048,-20171.612391591505
619,1547.5,-4.4341923540454846e-11,-17736.769416181938,-17727.75032370715
620,1550.0,-3.850264291002425e-11,-15401.0571640097,-15392.105224995617
621,1552.5,-3.293184529062355e-11,-13172.73811624942,-13163.872121722703
622,1555.0,-2.762695796191919e-11,-11050.783184767677,-11042.020522207833
623,1557.5,-2.25848864046797e-11,-9033.95456187188,-9025.31125883413
624,1560.0,-1.780205509551255e-11,-7120.82203820502,-7112.312806693003
625,1562.5,-1.3274446971035261e-11,-5309.778788414104,-5301.417069844396
626,1565.0,-8.997641543753765e-12,-3599.056617501506,-3590.8546281036897
627,1567.5,-4.966851656491824e-12,-1986.7406625967296,-1978.7094391080993
628,1570.0,-1.1769588665511667e-12,-470.7835466204667,-462.93299213547004
629,1572.5,2.3774525451476135e-12,950.9810180590454,958.6420882071741
630,1575.0,5.70206294084719e-12,2280.8251763388757,2288.2889887891415
631,1577.5,8.802786065980251e-12,3521.1144263921005,3528.3742041684714
632,1580.0,1.1685739156390453e-11,4674.295662556181,4681.345579787359
633,1582.5,1.4357214403571594e-11,5742.885761428637,5749.720898472525
634,1585.0,1.682365176582423e-11,6729.460706329692,6736.077005390709
635,1587.5,1.909161311053939e-11,7636.645244215755,7643.039465540577
636,1590.0,2.1167757670321003e-11,8467.103068128401,8473.272746854322
637,1592.5,2.3058818793374654e-11,9223.527517349861,9229.47092107663
638,1595.0,2.4771581966484665e-11,9908.632786593866,9914.348873742301
639,1597.5,2.6312864087004718e-11,10525.145634801887,10530.634013816762
640,1600.0,2.768949395855081e-11,11075.797583420324,11081.058472869818
641,1602.5,2.8908293983537724e-11,11563.31759341509,11568.351783031694
642,1605.0,2.997606302430801e-11,11990.425209723206,11995.234022428724
643,1607.5,3.0899560403380826e-11,12359.82416135233,12364.40941630118
644,1610.0,3.168549101226909e-11,12674.196404907636,12678.560381580566
645,1612.5,3.234049149738996e-11,12936.196598955983,12940.342002329251
646,1615.0,3.28711174908023e-11,13148.446996320921,13152.376923134067
647,1617.5,3.3283831852849353e-11,13313.532741139741,13317.250647278483
648,1620.0,3.358499389325656e-11,13433.997557302624,13437.507226310983
649,1622.5,3.3780849536819956e-11,13512.339814727982,13515.645327459984
650,1625.0,3.3877522399529517e-11,13551.008959811807,13554.114665228193
651,1627.5,3.3881005740773024e-11,13552.40229630921,13555.312783422694
652,1630.0,3.3797155257179876e-11,13518.86210287195,13521.582173841036
653,1632.5,3.36316826836674e-11,13452.67307346696,13455.207717834885
654,1635.0,3.3390150167343895e-11,13356.060066937558,13358.414437010455
655,1637.5,3.3077965380093316e-11,13231.186152037326,13233.365539393659
656,1640.0,3.270037733592475e-11,13080.150934369898,13082.160747490167
657,1642.5,3.2262472879486195e-11,12904.989151794478,12906.834894797748
658,1645.0,3.1769173812533523e-11,12707.669525013409,12709.356777486626
659,1647.5,3.122523462559548e-11,12490.093850238192,12491.62824814045
660,1650.0,3.063524080258069e-11,12254.096321032275,12255.483538656108
661,1652.5,3.000360766662739e-11,12001.443066650956,12002.68879962015
662,1655.0,2.9334579736104373e-11,11733.83189444175,11734.941843724537
663,1657.5,2.8632230560312075e-11,11452.89222412483,11453.872081039028
664,1660.0,2.7900463005117153e-11,11160.185202046861,11161.040634233834
665,1662.5,2.7143009959472262e-11,10857.203983788904,10857.940622131002
666,1665.0,2.6363435434516382e-11,10545.374173806553,10545.997600262313
667,1667.5,2.5565136027722266e-11,10226.054411088906,10226.57014741973
668,1670.0,2.4751342725355837e-11,9900.537090142334,9900.950587503168
669,1672.5,2.3925123017319127e-11,9570.049206927652,9570.365836294677
670,1675.0,2.3089383299282544e-11,9235.753319713018,9235.978363119548
671,1677.5,2.2246871537849097e-11,8898.748615139639,8898.887257692426
672,1680.0,2.1400180175344162e-11,8560.072070137665,8560.129392784827
673,1682.5,2.0551749251683144e-11,8220.699700673258,8220.68067369516
674,1685.0,1.9703869721628e-11,7881.547888651199,7881.457365845403
675,1687.5,1.8858686946606553e-11,7543.4747786426215,7543.317492174572
676,1690.0,1.801820434113201e-11,7207.281736452804,7207.062292342998
677,1692.5,1.7184287154716833e-11,6873.714861886733,6873.437736106478
678,1695.0,1.6358666371029716e-11,6543.466548411887,6543.136083558858
679,1697.5,1.5542942706892432e-11,6217.177082756973,6216.797485283316
680,1700.0,1.4738590694551093e-11,5895.436277820437,5895.011615784985
681,1702.5,1.3946962831484015e-11,5578.785132593606,5578.319333911676
682,1705.0,1.3169293782827292e-11,5267.717513130917,5267.214364294423
683,1707.5,1.240670462230039e-11,4962.681848920156,4962.144994161859
684,1710.0,1.1660207098304931e-11,4664.082839321973,4663.515780198296
685,1712.5,1.0930707912643824e-11,4372.283165057529,4371.689260424361
686,1715.0,1.0219013000064944e-11,4087.6052000259774,4086.9876663828104
687,1717.5,9.525831797573218e-12,3810.332719029287,3809.6946312079635
688,1720.0,8.851781493179054e-12,3540.7125972716217,3540.056889445696
689,1722.5,8.197391244452012e-12,3278.956497780805,3278.2859647733508
690,1725.0,7.563106357933372e-12,3025.2425431733486,3024.5598420404804
691,1727.5,6.949292421124917e-12,2779.7169684499668,2779.0246203191637
692,1730.0,6.356239379414219e-12,2542.4957517656876,2541.7961439077594
693,1732.5,5.7841655509191526e-12,2313.666220367661,2312.961608482586
694,1735.0,5.233221572835835e-12,2093.288629134334,2092.5811398314613
695,1737.5,4.7034942734530525e-12,1881.397709381221,1880.6893428353774
696,1740.0,4.195010464556568e-12,1678.004185822627,1677.2968185881496
697,1742.5,3.707740649481586e-12,1483.0962597926343,1482.3916477580997
698,1745.0,3.241602642588032e-12,1296.641057035213,1295.9408385025374
699,1747.5,2.7964650964264445e-12,1118.5860385705778,1117.8917374426055
700,1750.0,2.372150933335151e-12,948.8603733340605,948.1734023958073
701,1752.5,1.9684406786592665e-12,787.3762714637066,786.6979357427083
702,1755.0,1.5850756932129014e-12,634.0302772851605,633.361777477422
703,1757.5,1.221761303013582e-12,488.7045212054328,488.0469571541179
704,1760.0,8.781698247072046e-13,351.26792988288184,350.6223040972516
705,1762.5,5.539434854687101e-13,221.57739418748406,220.9446153907936
706,1765.0,2.486972365118247e-13,99.47889460472987,98.85978129987465
707,1767.5,-3.79785403306311e-14,-15.191416132252439,-15.796132089459043
708,1770.0,-3.0651543318599666e-13,-122.60617327439867,-123.19584310404817
709,1772.5,-5.573645078199273e-13,-222.94580312797095,-223.51985756601857
710,1775.0,-7.909939220820506e-13,-316.39756883282024,-316.95551459063165
711,1777.5,-1.0078866465334268e-12,-403.1546586133707,-403.69607486477037
712,1780.0,-1.2085382904345986e-12,-483.4153161738394,-483.9398510768383
713,1782.5,-1.3934550320529338e-12,-557.3820128211736,-557.8893800813089
714,1785.0,-1.5631516520462031e-12,-625.2606608184813,-625.7506362998415
715,1787.5,-1.7181496684917318e-12,-687.2598673966927,-687.7322857864511
716,1790.0,-1.85897557195992e-12,-743.590228783968,-744.0449803155125
717,1792.5,-1.9861591588736487e-12,-794.4636635494595,-794.9006907889706
718,1795.0,-2.1002319612536676e-12,-840.092784501467,-840.5120792021638
719,1797.5,-2.2017257708214924e-12,-880.690308328597,-881.0919083564759
720,1800.0,-2.291171255316669e-12,-916.4685021266677,-916.852488461145
721,1802.5,-2.369096664782458e-12,-947.6386659129832,-948.0051597254286
722,1805.0,-2.4360266254847567e-12,-974.4106501939027,-974.7598100067316
723,1807.5,-2.4924810190501247e-12,-996.9924076200499,-997.3244265485065
724,1810.0,-2.53897394434193e-12,-1015.589577736772,-1015.9046808154063
725,1812.5,-2.5760127595368105e-12,-1030.4051038147243,-1030.7035454100048
726,1815.0,-2.604097201817379e-12,-1041.6388807269516,-1041.920942037302
727,1817.5,-2.6237185820598036e-12,-1049.4874328239214,-1049.753419468122
728,1820.0,-2.6353590518675796e-12,-1054.143620747032,-1054.3938604415655
729,1822.5,-2.6394909402828866e-12,-1055.7963761131546,-1056.031216438927
730,1825.0,-2.6365761574960653e-12,-1054.630462998426,-1054.8502692569323
731,1827.5,-2.627065662870076e-12,-1050.8262651480304,-1051.0314183069295
732,1830.0,-2.6113989946002984e-12,-1044.5595978401193,-1044.7504925677356
733,1832.5000000000002,-2.590003858339906e-12,-1036.0015433359624,-1036.178586124335
734,1835.0000000000002,-2.5632957721379593e-12,-1025.3183088551837,-1025.4819162307883
735,1837.5000000000002,-2.531677765059106e-12,-1012.6711060236424,-1012.821702844917
736,1839.9999999999998,-2.4955401268814463e-12,-998.2160507525786,-998.3540685932061
737,1842.4999999999998,-2.455260206301809e-12,-982.1040825207236,-982.2299581373351
738,1845.0,-2.4112022551143836e-12,-964.4809020457534,-964.5950759287831
739,1847.5,-2.3637173158703466e-12,-945.4869263481387,-945.5898413542635
740,1850.0,-2.3131431505708416e-12,-925.2572602283367,-925.3493602928786
741,1852.5,-2.259804207994316e-12,-903.9216831977263,-904.0034121253411
742,1855.0,-2.204011627310932e-12,-881.6046509243728,-881.6764512561573
743,1857.5,-2.1460632756911107e-12,-858.4253102764443,-858.4876222315992
744,1860.0000000000002,-2.086243817672066e-12,-834.4975270688263,-834.550787558887
745,1862.5000000000002,-2.0248248141055275e-12,-809.929925642211,-809.9745673558356
746,1864.9999999999998,-1.9620648485705295e-12,-784.8259394282118,-784.8623899843964
747,1867.4999999999998,-1.898209679197734e-12,-759.2838716790936,-759.3125528467283
748,1870.0,-1.8334924139158314e-12,-733.3969655663326,-733.4182925479311
749,1872.5,-1.7681337071953568e-12,-707.2534828781427,-707.2678636554954
750,1875.0,-1.7023419764310991e-12,-680.9367905724397,-680.9446253120417
751,1877.5,-1.636313636170966e-12,-654.5254544683863,-654.5271349843745
752,1880.0,-1.570233348465867e-12,-628.0933393863468,-628.0892486586876
753,1882.5,-1.5042742876823235e-12,-601.7097150729294,-601.7002268186782
754,1885.0000000000002,-1.4385984181868663e-12,-575.4393672747466,-575.4248455700772
755,1887.5000000000002,-1.3733567833781177e-12,-549.3427133512471,-549.3235123020706
756,1889.9999999999998,-1.3086898046092273e-12,-523.4759218436909,-523.452385302635
757,1892.4999999999998,-1.2447275886097275e-12,-497.891035443891,-497.86349677144733
758,1895.0,-1.1815902420814513e-12,-472.6360968325805,-472.60487870027464
759,1897.5,-1.1193881922080787e-12,-447.7552768832315,-447.7206911166533
760,1900.0,-1.058222511882194e-12,-423.2890047528776,-423.25135221247984
761,1902.5,-9.98185248516584e-13,-399.2740994066336,-399.23366990422323
762,1905.0,-9.39359755368923e-13,-375.7439021475692,-375.70097439647225
763,1907.5,-8.818210243696855e-13,-352.7284097478742,-352.6832513447539
764,1910.0000000000002,-8.256360195029316e-13,-330.25440780117265,-330.2072752375965
765,1912.5000000000002,-7.708640098479986e-13,-308.3456039391994,-308.29674264101743
766,1914.9999999999998,-7.175569014471403e-13,-287.02276057885615,-286.97240497155775
767,1917.4999999999998,-6.657595672196493e-13,-266.3038268878597,-266.2522004860979
768,1920.0,-6.155101741972007e-13,-246.20406967888027,-246.1513851984236
769,1922.5,-5.668405074075507e-13,-226.7362029630203,-226.68266245341883
770,1925.0,-5.19776289784786e-13,-207.9105159139144,-207.856310910244
771,1927.5,-4.74337497533626e-13,-189.73499901345042,-189.68031070554275
772,1930.0,-4.3053867042300337e-13,-172.21546816920136,-172.16046758681978
773,1932.5,-3.8838921653020183e-13,-155.35568661208075,-155.3005348245693
774,1935.0000000000002,-3.4789371100123745e-13,-139.15748440049498,-139.10233272947448
775,1937.5000000000002,-3.0905218843591077e-13,-123.6208753743643,-123.56586561809958
776,1939.9999999999998,-2.718604285469229e-13,-108.74417141876917,-108.689436086917
777,1942.4999999999998,-2.363102347819013e-13,-94.52409391276052,-94.46975647020216
778,1945.0,-2.023897056347544e-13,-80.95588225390176,-80.90205737251414
779,1947.5,-1.7008349840888174e-13,-68.03339936355269,-67.98019318072602
780,1950.0,-1.3937308522905674e-13,-55.7492340916227,-55.696744474461035
781,1952.5,-1.1023700113155238e-13,-44.09480045262095,-44.0431172667714
782,1955.0,-8.2651084093122e-14,-33.0604336372488,-33.00963901939532
783,1957.5,-5.6588706889036453e-14,-22.635482755614582,-22.585651388692483
784,1960.0000000000002,-3.202100069819737e-14,-12.808400279278947,-12.759599669532323
785,1962.5000000000002,-8.917070399806796e-15,-3.5668281599227183,-3.5191189149805857
786,1964.9999999999998,1.2755798469142432e-14,5.102319387656973,5.148883280466367
787,1967.4999999999998,3.3031941102836264e-14,13.212776441134505,13.258147336965461
788,1969.9999999999998,5.19471231475029e-14,20.77884925900116,20.822985578843863
789,1972.5,6.953835871904687e-14,27.815343487618748,27.858209443469253
790,1975.0,8.584373666325443e-14,34.337494665301776,34.37905998773706
791,1977.5,1.0090225498653033e-13,40.36090199461213,40.401141663321425
792,1980.0,1.1475366336871197e-13,45.90146534748479,45.940359325258356
793,1982.5,1.2743831365424194e-13,50.97532546169678,51.01285843235141
794,1985.0000000000002,1.3899701820404611e-13,55.59880728161845,55.63496839226749
795,1987.5000000000002,1.494709159775967e-13,59.788366391038686,59.823148999113286
796,1989.9999999999998,1.5890134620302723e-13,63.56053848121089,63.59393990656992
797,1992.4999999999998,1.6732972948257406e-13,66.93189179302962,66.96391307549138
798,1994.9999999999998,1.7479745617113915e-13,69.91898246845565,69.94962813101101
799,1997.5,1.813457818572269e-13,72.53831274289075,72.56759056087293
800,2000.0,1.8701572976805313e-13,74.80629190722125,74.83421268363436
801,2002.5,1.9184799991398833e-13,76.73919996559533,76.76577731279899
802,2005.0,1.9588288478182849e-13,78.3531539127314,78.37840404064063
803,2007.5,1.9916019138152007e-13,79.66407655260802,79.68801806354537
804,2010.0000000000002,2.0171916944694177e-13,80.68766777877671,80.7103214690779
805,2012.5000000000002,2.0359844558805005e-13,81.43937823522002,81.460766903692
806,2015.0000000000002,2.048359631891796e-13,81.93438527567183,81.95453353894911
807,2017.4999999999998,2.0546892784639177e-13,82.1875711385567,82.20650525340798
808,2019.9999999999998,2.0553375813558585e-13,82.21350325423434,82.2312509468353
809,2022.5,2.0506604150249198e-13,82.0264166009968,82.04300690316278
810,2025.0,2.041004950655954e-13,81.64019802623815,81.65566111861432
811,2027.5,2.026709311236241e-13,81.06837244944964,81.08273951161071
812,2030.0,2.0081022716020348e-13,80.3240908640814,80.33739393149722
813,2032.5,1.9855030013977754e-13,79.42012005591101,79.43239188371415
814,2035.0,1.9592208489083946e-13,78.36883395633578,78.38010788981158
815,2037.5000000000002,1.9295551637482275e-13,77.18220654992909,77.19251640163826
816,2040.0000000000002,1.8967951564169748e-13,75.871806256679,75.88118619011266
817,2042.4999999999998,1.8612197927639119e-13,74.44879171055648,74.45727613021094
818,2044.9999999999998,1.823097721434648e-13,72.92390885738591,72.93153230513279
819,2047.5,1.7826872324113346e-13,71.30748929645338,71.31428635408201
820,2050.0,1.7402362447962249e-13,69.60944979184899,69.61545498963834
821,2052.5,1.695982322029579e-13,67.83929288118316,67.84454061235778
822,2055.0,1.650152712776217e-13,66.00610851104868,66.01063295197393
823,2057.5,1.6029644157603142e-13,64.11857663041256,64.12241166636703
824,2060.0,1.5546242668745513e-13,62.184970674982054,62.18814983135123
825,2062.5,1.505329046937823e-13,60.21316187751292,60.2157182562376
826,2065.0,1.45526560852506e-13,58.2106243410024,58.21259056211647
827,2067.5,1.4046110203427655e-13,56.18444081371062,56.18584896179532
828,2070.0,1.3535327276747943e-13,54.14130910699177,54.14219068237776
829,2072.5,1.3021887274746255e-13,52.087549098985015,52.08793497352699
830,2075.0,1.2507277567320466e-13,50.029110269281865,50.02903064653355
831,2077.5,1.1992894927946412e-13,47.971579711785644,47.97106409139778
832,2080.0,1.1480047643766388e-13,45.920190575065554,45.91926772123515
833,2082.5,1.0969957720399272e-13,43.87983088159709,43.87852879539295
834,2085.0,1.0463763169843407e-13,41.85505267937363,41.85339857476644
835,2087.5,9.962520370359664e-14,39.85008148143866,39.848101764861426
836,2090.0,9.467206487736853e-14,37.86882595094741,37.86654620422131
837,2092.5,8.978721947851674e-14,35.9148877914067,35.91233275785956
838,2095.0,8.497892950937301e-14,33.9915718037492,33.98876537736321
839,2097.5,8.025474018470855e-14,32.101896073883424,32.098861291311984
840,2100.0,7.56215056407898e-14,30.248602256315923,30.24536129160515
841,2102.5,7.108541480339557e-14,28.43416592135823,28.430740083219362
842,2105.0,6.665201733827341e-14,26.660806935309363,26.657216666787605
843,2107.5,6.232624961213469e-14,24.930499844853877,24.926764725244265
844,2110.0,5.811246059676661e-14,23.244984238706646,23.241122987569387
845,2112.5,5.401443765323725e-14,21.6057750612949,21.601805544429148
846,2115.0,5.003543213744646e-14,20.014172854978586,20.010112092216072
847,2117.5,4.617818477242738e-14,18.47127390897095,18.467138083652912
848,2120.0,4.2444950736838266e-14,16.977980294735307,16.973784764744313
849,2122.5,3.8837524423003953e-14,15.535009769201581,15.530769079421846
850,2125.0,3.535726382163742e-14,14.142905528654968,14.138633424739051
851,2127.5,3.200511449404443e-14,12.80204579761777,12.7977552409413
852,2130.0,2.8781633096132206e-14,11.512653238452883,11.508356422144667
853,2132.5,2.5687010421941987e-14,10.274804168776795,10.270512534715971
854,2135.0,2.2721093937696373e-14,9.088437575078549,9.08416183175302
855,2137.5,1.9883409780483816e-14,7.9533639121935265,7.94911405332104
856,2140.0,1.7173184198708362e-14,6.869273679483345,6.86505900329769
857,2142.5,1.458936441431179e-14,5.835745765724717,5.83157489483671
858,2145.0,1.2130638889510355e-14,4.852255555804142,4.848136457549544
859,2147.5,9.795456983418687e-15,3.9181827933674747,3.9141228005604276
860,2150.0,7.582047986411593e-15,3.032819194564637,3.028825026575027
861,2152.5,5.4884395224445425e-15,2.195375808977817,2.191453593060222
862,2155.0,3.5124753117925565e-15,1.4049901247170227,1.4011454175196674
863,2157.5,1.6518322887870532e-15,0.6607329155148213,0.6569707247019646
864,2160.0,-9.596292887145077e-17,-0.03838517154858031,-0.04206036562290438
865,2162.5,-1.7335182207617335e-15,-0.6934072883046934,-0.6969915109322627
866,2165.0,-3.263560794126572e-15,-1.3054243176506288,-1.3089140781667372
867,2167.5,-4.688922662102499e-15,-1.8755690648409995,-1.8789613351376633
868,2170.0,-6.012526766366555e-15,-2.405010706546622,-2.4083028997485476
869,2172.5,-7.237373739325024e-15,-2.8949494957300095,-2.8981394450780686
870,2175.0,-8.366529299633413e-15,-3.346611719853365,-3.349697657836775
871,2177.5,-9.403112273598803e-15,-3.7612449094395215,-3.7642254472147267
872,2180.0,-1.0350283233875869e-14,-4.140113293550347,-4.142987400681664
873,2182.5,-1.1211233745820969e-14,-4.484493498328388,-4.487260482881486
874,2185.0,-1.1989176210910785e-14,-4.795670484364314,-4.7983299733832
875,2187.5,-1.2687334295769343e-14,-5.074933718307737,-5.077485638699135
876,2190.0,-1.3308933934553133e-14,-5.323573573821253,-5.3260181336715435
877,2192.5,-1.385719489175009e-14,-5.542877956700036,-5.545215627044956
878,2195.0,-1.4335322871816292e-14,-5.734129148726517,-5.736360645791802
879,2197.5,-1.474650216152387e-14,-5.898600864609548,-5.900727132539054
880,2200.0,-1.5093888790414033e-14,-6.037555516165613,-6.039577710250319
881,2202.5,-1.538060419433508e-14,-6.1522416777340325,-6.154161148153403
882,2205.0,-1.5609729366696016e-14,-6.243891746678407,-6.245710022764124
883,2207.5,-1.5784299481783648e-14,-6.313719792713459,-6.315438567742649
884,2210.0,-1.5907298974256565e-14,-6.362919589702626,-6.364540706226616
885,2212.5,-1.5981657058760513e-14,-6.392662823504205,-6.394188259216754
886,2215.0,-1.601024367348749e-14,-6.404097469394996,-6.405529323542522
887,2217.5,-1.5995865831428096e-14,-6.398346332571238,-6.399686812905374
888,2220.0,-1.594126436304124e-14,-6.376505745216496,-6.377757155489284
889,2222.5,-1.5849111034084517e-14,-6.339644413633807,-6.340809141632643
890,2225.0,-1.5722006022405142e-14,-6.288802408962057,-6.289882915081725
891,2227.5,-1.5562475737589438e-14,-6.224990295035775,-6.225989101382804
892,2230.0,-1.5372970967499496e-14,-6.149188386999798,-6.150108067024143
893,2232.5,-1.5155865335891418e-14,-6.062346134356567,-6.063189303003421
894,2235.0,-1.491345405550282e-14,-5.965381622201128,-5.96615092657614
895,2237.5,-1.464795296122204e-14,-5.859181184488816,-5.859879295027869
896,2240.0,-1.436149780819827e-14,-5.744599123279308,-5.74522872541405
897,2242.5,-1.405614382002332e-14,-5.622457528009328,-5.623021314318736
898,2245.0,-1.373386547241044e-14,-5.493546188964176,-5.494046851801605
899,2247.5,-1.3396556498104331e-14,-5.358622599241732,-5.35906282382655
900,2250.0,-1.3046030099088596e-14,-5.218412039635439,-5.218794497597752
901,2252.5,-1.2684019352498389e-14,-5.073607740999355,-5.073935084365964
902,2255.0,-1.2312177797004071e-14,-4.9248711188016285,-4.925145974410812
903,2257.5,-1.1932080186801444e-14,-4.7728320747205775,-4.77305703905323
904,2260.0,-1.1545223400721513e-14,-4.6180893602886055,-4.618266994702532
905,2262.5,-1.1153027494359912e-14,-4.461210997743965,-4.461343824098641
906,2265.0,-1.0756836883520908e-14,-4.302734753408363,-4.302825250066425
907,2267.5,-1.035792164766878e-14,-4.143168659067512,-4.143219257259726
908,2270.0,-9.957478942482415e-15,-3.982991576992966,-3.9830046575332982
909,2272.5,-9.556634511015762e-15,-3.8226538044063045,-3.8226316947431607
910,2275.0,-9.156444283372753e-15,-3.6625777133491013,-3.6625226849394377
911,2277.5,-8.757896055212907e-15,-3.503158422085163,-3.503072688077883
912,2280.0,-8.361911235811433e-15,-3.344764494324573,-3.3446502075395137
913,2282.5,-7.969346656801665e-15,-3.187738662720666,-3.187597913909948
914,2285.0,-7.580996433130072e-15,-3.0323985732520287,-3.032233389630436
915,2287.5,-7.197593868153743e-15,-2.8790375472614973,-2.8788498912926634
916,2290.0,-6.819813395203323e-15,-2.727925358081329,-2.727717126506789
917,2292.5,-6.448272548324709e-15,-2.5793090193298838,-2.5790820424283023
918,2295.0,-6.0835339552961295e-15,-2.433413582118452,-2.4331696231822773
919,2297.5,-5.726107346394222e-15,-2.2904429385576885,-2.290183693574951
920,2300.0,-5.376451572752875e-15,-2.15058062910115,-2.150307726630463
921,2302.5,-5.0349766285219265e-15,-2.0139906514087706,-2.01370565263546
922,2305.0,-4.702045671386973e-15,-1.8808182685547892,-1.8805226675167388
923,2307.5,-4.3779770363583285e-15,-1.7511908145433315,-1.750886038515327
924,2310.0,-4.0630462380748326e-15,-1.6252184952299331,-1.624905905255386
925,2312.5,-3.757487957197114e-15,-1.5029951828788455,-1.5026760744384338
926,2315.0,-3.461498006784128e-15,-1.3845992027136511,-1.384274806520397
927,2317.5,-3.175235274856766e-15,-1.2700941099427063,-1.2697655928535627
928,2320.0,-2.8988236396523117e-15,-1.1595294558609246,-1.1591979218952346
929,2322.5,-2.632353854364083e-15,-1.0529415417456331,-1.0526080332009309
930,2325.0,-2.375885398440523e-15,-0.9503541593762093,-0.9500196580326411
931,2327.5,-2.129448292788053e-15,-0.8517793171152213,-0.8514447455196935
932,2330.0,-1.8930448764824534e-15,-0.7572179505929814,-0.7568841734148226
933,2332.5,-1.6666515428423044e-15,-0.6666606171369217,-0.6663284425870155
934,2335.0,-1.450220432958717e-15,-0.5800881731834868,-0.5797583544892966
935,2337.5,-1.2436810850040182e-15,-0.4974724340016073,-0.49714567093071893
936,2340.0,-1.046942037861744e-15,-0.4187768151446976,-0.41845375556993886
937,2342.5,-8.598923878293165e-16,-0.3439569551317266,-0.34363819663126294
938,2345.0,-6.824032973441623e-16,-0.2729613189376649,-0.2726474104236612
939,2347.5,-5.143294548732487e-16,-0.20573178194929947,-0.20542322531921817
940,2350.0,-3.5551048528593634e-16,-0.14220419411437454,-0.14190144591925433
941,2352.5,-2.0577231019967935e-16,-0.08230892407987174,-0.08201239720425701
942,2355.0,-6.492845794967082e-17,-0.025971383179868326,-0.02568144852820817
943,2357.5,6.721867701583329e-17,0.026887470806333316,0.02717048262142858
944,2360.0,1.9087662536972424e-16,0.07635065014788969,0.07662644712005007
945,2362.5,3.0626168469155244e-16,0.12250467387662098,0.12277300092694057
946,2365.0,4.1359781160099765e-16,0.16543912464039906,0.1656997619493307
947,2367.5,5.131155639193493e-16,0.2052462255677397,0.2054989869213465
948,2370.0,6.050510924303698e-16,0.2420204369721479,0.24226516812602145
949,2372.5,6.896451817118267e-16,0.27585807268473067,0.27609464974866227
950,2375.0,7.671423394153572e-16,0.30685693576614287,0.30708526361236493
951,2377.5,8.377899332875971e-16,0.33511597331503884,0.3353359840127573
952,2380.0,9.018373751469016e-16,0.36073495005876066,0.3609466013372342
953,2382.5,9.59535350958781e-16,0.3838141403835124,0.3840174141258824
954,2385.0,1.0111350960885387e-15,0.4044540384354155,0.4046489392052358
955,2387.5,1.0568877147515218e-15,0.4227550859006087,0.42294163950274866
956,2390.0,1.0970435426292457e-15,0.4388174170516983,0.43899566912925797
957,2392.5,1.1318515515738502e-15,0.45274062062954007,0.4529106352979996
958,2395.0,1.1615587952825817e-15,0.4646235181130327,0.4647853766328967
959,2397.5,1.1864098947894005e-15,0.47456395791576017,0.4747177574046344
960,2400.0,1.2066465625907094e-15,0.48265862503628376,0.48280447722123776
961,2402.5,1.2225071641974955e-15,0.4890028656789982,0.4891408956898937
962,2405.0,1.2342263158858634e-15,0.49369052635434535,0.4938208715586181
963,2407.5,1.2420345174021116e-15,0.49681380696084465,0.49693661584017973
964,2410.0,1.2461578183670517e-15,0.4984631273468207,0.49857855841590953
965,2412.5,1.2468175171164423e-15,0.4987270068465769,0.4988352276141636
966,2415.0,1.244229890710668e-15,0.49769195628426716,0.49779314225641874
967,2417.5,1.238605954846225e-15,0.49544238193849,0.49553671566405433
968,2420.0,1.230151252404608e-15,0.49206050096184323,0.49214817111985276
969,2422.5,1.2190656693799659e-15,0.48762626775198636,0.48770746828074124
970,2425.0,1.205543276935908e-15,0.48221731077436314,0.4822922400417983
971,2427.5,1.1897721983530679e-15,0.47590887934122716,0.47597773935610893
972,2430.0,1.171934499643196e-15,0.46877379985727835,0.4688367955206679
973,2432.5,1.1522061026215735e-15,0.4608824410486294,0.4609397794450245
974,2435.0,1.1307567192479153e-15,0.4523026876991661,0.45235457742663626
975,2437.5,1.1077498060661034e-15,0.44309992242644136,0.4431465729650356
976,2440.0,1.0833425375950484e-15,0.43333701503801936,0.4333786361556357
977,2442.5,1.0576857975463854e-15,0.4230743190185542,0.4231111202134828
978,2445.0,1.0309241867697836e-15,0.41236967470791347,0.41240186468713497
979,2447.5,1.0031960468526847e-15,0.4012784187410739,0.4013062049334373
980,2450.0,9.746334983285932e-16,0.3898533993314373,0.389876987434752
981,2452.5,9.453624924763783e-16,0.3781449969905513,0.3781645905516415
982,2455.0,9.155028757220709e-16,0.3662011502888283,0.3662169503155386
983,2457.5,8.851684656844042e-16,0.35406738627376166,0.3540795908779132
984,2460.0,8.544671379358838e-16,0.34178685517435353,0.3417956592446137
985,2462.5,8.235009225819053e-16,0.3294003690327621,0.3294059639363886
986,2465.0,7.923661097917041e-16,0.31694644391668164,0.31694901722909397
987,2467.5,7.611533634464866e-16,0.30446134537859465,0.30446108063970967
988,2470.0,7.2994784210165e-16,0.29197913684066,0.2919762133369423
989,2472.5,6.988293264918332e-16,0.27953173059673325,0.2795263231678889
990,2475.0,6.678723528391028e-16,0.26714894113564114,0.2671412200049226
991,2477.5,6.371463512564369e-16,0.2548585405025747,0.25484867112962745
992,2480.0,6.067157885698839e-16,0.24268631542795358,0.24267445838317306
993,2482.5,5.766403149141404e-16,0.23065612596565616,0.23064243682502678
994,2485.0,5.469749134871344e-16,0.21878996539485376,0.21877459465424057
995,2487.5,5.177700528797897e-16,0.20710802115191587,0.2070911141598118
996,2490.0,4.890718414271785e-16,0.1956287365708714,0.19561043347862095
997,2492.5,4.609221830570603e-16,0.18436887322282414,0.18434930895133844
998,2495.0,4.3335893414081436e-16,0.17334357365632574,0.17332287787833278
999,2497.5,4.06416060880373e-16,0.16256642435214919,0.16254472148906818
1000,2500.0,3.801237967927946e-16,0.15204951871711783,0.15202692794961742
1001,2502.5,3.5450879988138765e-16,0.14180351995255505,0.14178015524393983
1002,2505.0,3.295943091089699e-16,0.13183772364358795,0.13181369377511384
1003,2507.5,3.0540029981490807e-16,0.12216011992596323,0.12213552854326029
1004,2510.0,2.8194363774276256e-16,0.11277745509710503,0.1127524007668815
1005,2512.5,2.592382313699503e-16,0.10369529254798013,0.10366986882422126
1006,2515.0,2.37295182254641e-16,0.0949180729018564,0.09489236840073761
1007,2517.5,2.161229331380292e-16,0.08644917325521169,0.08642327173800121
1008,2520.0,1.9572741356252965e-16,0.07829096542501186,0.07826494588823482
1009,2522.5,1.7611218278774909e-16,0.07044487311509963,0.07041880988728211
1010,2525.0,1.5727856980685155e-16,0.06291142792274063,0.06288539076706247
1011,2527.5,1.39225810285784e-16,0.0556903241143136,0.05566437833654488
1012,2530.0,1.2195118026692257e-16,0.04878047210676903,0.04875467866787176
1013,2532.5,1.0545012649696751e-16,0.042180050598787,0.0421544662316035
1014,2535.0,8.971639325646693e-17,0.03588655730258677,0.035861234632051237
1015,2537.5,7.474214558497894e-17,0.029896858233991578,0.029871845900347596
1016,2540.0,6.051808881191824e-17,0.024207235524767296,0.024182578309267427
1017,2542.5,4.703358431820893e-17,0.01881343372728357,0.018789172679905743
1018,2545.0,3.427676146831782e-17,0.013710704587327129,0.013686877156043966
1019,2547.5,2.2234625665869613e-17,0.008893850266347845,0.008870490427527869
1020,2550.0,1.089316249897235e-17,0.00435726499958894,0.004334403389108765
1021,2552.5,2.374379535520572e-19,9.497518142082288e-05,7.263922612384226e-05
1022,2555.0,-9.748305315507467e-18,-0.003899322126202987,-0.003921108077076646
1023,2557.5,-1.90805556548868e-17,-0.00763222226195472,-0.007653436805691949
