alpha_eq10_m_inv,alpha_eq11_m_inv,boxcar_edge_method,dt_fs,path,pulse_fs,relative_error,u_R_signed_J_m3
0.23617453995200305,0.22504159660782488,analytic_distributional_flux,2.5000000000000004,direct,40.00000000000001,0.049470602377476476,-4723.490799040062
0.23617453995200305,0.22504159660782488,analytic_distributional_flux,2.5000000000000004,fft_linear,40.00000000000001,0.049470602377476476,-4723.490799040062
0.24663074922349756,0.22504159660782488,analytic_distributional_flux,2.5000000000000004,iir,40.00000000000001,0.0959340537087267,-4932.614984469952
0.230651140490132,0.22504159660782488,analytic_distributional_flux,1.2500000000000002,direct,40.00000000000001,0.02492669784992124,-4613.022809802641
0.230651140490132,0.22504159660782488,analytic_distributional_flux,1.2500000000000002,fft_linear,40.00000000000001,0.02492669784992124,-4613.022809802641
0.23608994734617378,0.22504159660782488,analytic_distributional_flux,1.2500000000000002,iir,40.00000000000001,0.04909470473408797,-4721.798946923476
0.2278571365263293,0.22504159660782488,analytic_distributional_flux,0.6250000000000001,direct,40.00000000000001,0.012511197756079725,-4557.142730526587
0.2278571365263293,0.22504159660782488,analytic_distributional_flux,0.6250000000000001,fft_linear,40.00000000000001,0.012511197756079725,-4557.142730526587
0.2306297983031779,0.22504159660782488,analytic_distributional_flux,0.6250000000000001,iir,40.00000000000001,0.02483186121849042,-4612.595966063559
0.2264520585567121,0.22504159660782488,analytic_distributional_flux,0.31250000000000006,direct,40.00000000000001,0.006267561064922597,-4529.041171134243
0.2264520585567121,0.22504159660782488,analytic_distributional_flux,0.31250000000000006,fft_linear,40.00000000000001,0.006267561064922597,-4529.041171134243
0.22785177675477317,0.22504159660782488,analytic_distributional_flux,0.31250000000000006,iir,40.00000000000001,0.012487380952266893,-4557.035535095464
0.2933732185845334,0.2913646659968954,analytic_distributional_flux,2.5000000000000004,direct,120.00000000000001,0.006893603864990933,-17602.393115072005
0.29337321858453347,0.2913646659968954,analytic_distributional_flux,2.5000000000000004,fft_linear,120.00000000000001,0.006893603864991124,-17602.39311507201
0.2950424148862846,0.2913646659968954,analytic_distributional_flux,2.5000000000000004,iir,120.00000000000001,0.012622494484037202,-17702.544893177077
0.29239074141831245,0.2913646659968954,analytic_distributional_flux,1.2500000000000002,direct,120.00000000000001,0.003521619266723168,-17543.44448509875
0.2923907414183123,0.2913646659968954,analytic_distributional_flux,1.2500000000000002,fft_linear,120.00000000000001,0.0035216192667225964,-17543.44448509874
0.29333080055286054,0.2913646659968954,analytic_distributional_flux,1.2500000000000002,iir,120.00000000000001,0.006748019871380235,-17599.848033171635
0.29188315359410505,0.2913646659968954,analytic_distributional_flux,0.6250000000000001,direct,120.00000000000001,0.0017795143259243097,-17512.989215646307
0.2918831535941049,0.2913646659968954,analytic_distributional_flux,0.6250000000000001,fft_linear,120.00000000000001,0.0017795143259237381,-17512.989215646296
0.29237998947429605,0.2913646659968954,analytic_distributional_flux,0.6250000000000001,iir,120.00000000000001,0.0034847172491789037,-17542.799368457767
0.2916252722736617,0.2913646659968954,analytic_distributional_flux,0.31250000000000006,direct,120.00000000000001,0.0008944333585358287,-17497.516336419703
0.2916252722736616,0.2913646659968954,analytic_distributional_flux,0.31250000000000006,fft_linear,120.00000000000001,0.0008944333585354476,-17497.516336419696
0.2918804471351459,0.2913646659968954,analytic_distributional_flux,0.31250000000000006,iir,120.00000000000001,0.0017702254200444311,-17512.826828108755
0.2066232790266391,0.20669634272901713,analytic_distributional_flux,2.5000000000000004,direct,200.0,0.00035348328573871706,-20662.32790266391
0.20662327902663902,0.20669634272901713,analytic_distributional_flux,2.5000000000000004,fft_linear,200.0,0.0003534832857391199,-20662.327902663903
0.20637429410861088,0.20669634272901713,analytic_distributional_flux,2.5000000000000004,iir,200.0,0.0015580760460210828,-20637.42941086109
0.20667117384660244,0.20669634272901713,analytic_distributional_flux,1.2500000000000002,direct,200.0,0.00012176742985571758,-20667.117384660243
0.20667117384660236,0.20669634272901713,analytic_distributional_flux,1.2500000000000002,fft_linear,200.0,0.00012176742985612043,-20667.117384660236
0.20660129025566773,0.20669634272901713,analytic_distributional_flux,1.2500000000000002,iir,200.0,0.00045986528883104236,-20660.129025566774
0.20668659912859616,0.20669634272901713,analytic_distributional_flux,0.6250000000000001,direct,200.0,4.713968468103711e-05,-20668.659912859617
0.20668659912859616,0.20669634272901713,analytic_distributional_flux,0.6250000000000001,fft_linear,200.0,4.713968468103711e-05,-20668.659912859617
0.2066655845934542,0.20669634272901713,analytic_distributional_flux,0.6250000000000001,iir,200.0,0.00014880832024815314,-20666.55845934542
0.20669218114516447,0.20669634272901713,analytic_distributional_flux,0.31250000000000006,direct,200.0,2.013380497070092e-05,-20669.218114516447
0.20669218114516447,0.20669634272901713,analytic_distributional_flux,0.31250000000000006,fft_linear,200.0,2.013380497070092e-05,-20669.218114516447
0.20668519026706314,0.20669634272901713,analytic_distributional_flux,0.31250000000000006,iir,200.0,5.395577786594137e-05,-20668.519026706315
0.07663058809352169,0.07664380511568294,analytic_distributional_flux,2.5000000000000004,direct,500.0,0.00017244736402773384,-19157.64702338042
0.07663058809352172,0.07664380511568294,analytic_distributional_flux,2.5000000000000004,fft_linear,500.0,0.0001724473640273717,-19157.64702338043
0.07655153837649792,0.07664380511568294,analytic_distributional_flux,2.5000000000000004,iir,500.0,0.0012038381842571974,-19137.88459412448
0.07664144802913501,0.07664380511568294,analytic_distributional_flux,1.2500000000000002,direct,500.0,3.075377774331924e-05,-19160.362007283755
0.076641448029135,0.07664380511568294,analytic_distributional_flux,1.2500000000000002,fft_linear,500.0,3.075377774350031e-05,-19160.36200728375
0.07662235951582975,0.07664380511568294,analytic_distributional_flux,1.2500000000000002,iir,500.0,0.0002798086527778826,-19155.58987895744
0.07664368946487486,0.07664380511568294,analytic_distributional_flux,0.6250000000000001,direct,500.0,1.50893875778216e-06,-19160.922366218714
0.07664368946487486,0.07664380511568294,analytic_distributional_flux,0.6250000000000001,fft_linear,500.0,1.50893875778216e-06,-19160.922366218714
0.07663935663227521,0.07664380511568294,analytic_distributional_flux,0.6250000000000001,iir,500.0,5.804100411012048e-05,-19159.839158068804
0.07664401301566585,0.07664380511568294,analytic_distributional_flux,0.31250000000000006,direct,500.0,2.7125477733772997e-06,-19161.003253916464
0.0766440130156659,0.07664380511568294,analytic_distributional_flux,0.31250000000000006,fft_linear,500.0,2.7125477739205053e-06,-19161.003253916475
0.07664316231910781,0.07664380511568294,analytic_distributional_flux,0.31250000000000006,iir,500.0,8.386804049774407e-06,-19160.790579776953
0.03835148252696965,0.03835997426493687,analytic_distributional_flux,2.5000000000000004,direct,1000.0,0.00022136975141256364,-19175.741263484822
0.038351482526969655,0.03835997426493687,analytic_distributional_flux,2.5000000000000004,fft_linear,1000.0,0.00022136975141238274,-19175.741263484826
0.03831012294904887,0.03835997426493687,analytic_distributional_flux,2.5000000000000004,iir,1000.0,0.0012995659367156223,-19155.061474524435
0.038357851081599816,0.03835997426493687,analytic_distributional_flux,1.2500000000000002,direct,1000.0,5.534892495989724e-05,-19178.925540799908
0.038357851081599816,0.03835997426493687,analytic_distributional_flux,1.2500000000000002,fft_linear,1000.0,5.534892495989724e-05,-19178.925540799908
0.03834737430220469,0.03835997426493687,analytic_distributional_flux,1.2500000000000002,iir,1000.0,0.00032846640211898646,-19173.687151102346
0.038359443362894936,0.03835997426493687,analytic_distributional_flux,0.6250000000000001,direct,1000.0,1.383999995062729e-05,-19179.721681447467
0.038359443362894936,0.03835997426493687,analytic_distributional_flux,0.6250000000000001,fft_linear,1000.0,1.383999995062729e-05,-19179.721681447467
0.03835680689787602,0.03835997426493687,analytic_distributional_flux,0.6250000000000001,iir,1000.0,8.256958252830341e-05,-19178.40344893801
0.03835984148746083,0.03835997426493687,analytic_distributional_flux,0.31250000000000006,direct,1000.0,3.461354669446581e-06,-19179.920743730414
0.038359841487460834,0.03835997426493687,analytic_distributional_flux,0.31250000000000006,fft_linear,1000.0,3.461354669265692e-06,-19179.920743730418
0.038359180168503836,0.03835997426493687,analytic_distributional_flux,0.31250000000000006,iir,1000.0,2.070117220488918e-05,-19179.59008425192
