case_id	screen_id	screen_index	screen_z_m	dx_um	dt_us	job_id
E2C_front_dx20um_dt0p125us	front	7827	0.78274999999993	20	0.125	228624
E2C_front_dx10um_dt0p125us	front	7827	0.78274999999993	10	0.125	228625
E2C_front_dx5um_dt0p125us	front	7827	0.78274999999993	5	0.125	228626
E2C_peak_dx20um_dt0p125us	peak	8022	0.802249999999928	20	0.125	228627
E2C_peak_dx10um_dt0p125us	peak	8022	0.802249999999928	10	0.125	228628
E2C_peak_dx5um_dt0p125us	peak	8022	0.802249999999928	5	0.125	228629
E2C_rear_dx20um_dt0p125us	rear	10338	0.941924999999913	20	0.125	228630
E2C_rear_dx10um_dt0p125us	rear	10338	0.941924999999913	10	0.125	228631
E2C_rear_dx5um_dt0p125us	rear	10338	0.941924999999913	5	0.125	228632
