all_other_known_differences,baseline_result_id,causal_pair_quality,changed_factor,comparison_result_id,confidence,delta_crossing_1e19_cm,delta_crossing_1e20_cm,delta_crossing_1e21_cm,delta_crossing_1e22_cm,delta_fwhm_cm,delta_peak_position_cm,delta_rise_width_cm,delta_tail_metric,effect_id,fraction_of_total_pycap_offset_1e19,fraction_of_total_pycap_offset_1e20,fraction_of_total_pycap_offset_1e21,fraction_of_total_pycap_offset_1e22,interpretation,limitations,peak_density_ratio
historical coordinate provenance is incomplete; no curve shift is applied in this ledger,early_120fs_ppt_or_talebpour_missing,historical_noncomparable,coordinate_definition,current_120fs_talebpour_legacy_raman_on,not_interpretable,,,,,,,,,coordinate_definition_freeze,,,,,The focus origin is now fixed at z=0.95 m; the historical magnitude of any prior coordinate-definition effect cannot be reconstructed from a missing curve.,No complete earlier curve with an independently documented coordinate convention.,
historical input curve and normalization provenance are incomplete,early_120fs_ppt_or_talebpour_missing,historical_noncomparable,transverse_profile,current_120fs_talebpour_legacy_raman_on,not_interpretable,,,,,,,,,ft90_transverse_profile_correction,,,,,"FT90 is fixed for production, but no locally archived strict before/after 120 fs curve exists.",Do not assign a centimeter contribution without a strict archived pair.,
historical input curve missing,early_120fs_ppt_or_talebpour_missing,historical_noncomparable,power_normalization,current_120fs_talebpour_legacy_raman_on,not_interpretable,,,,,,,,,discrete_peak_power_normalization,,,,,The 17 GW peak-power normalization is fixed; no strict archived pair quantifies its independent onset shift.,No curve-level before/after archive.,
None: archived Phase 6 config difference is propagation.use_raman_phase only; Raman absorption remains enabled.,phase6_legacy_raman_phase_off,strict_single_delta,legacy_raman_phase,current_120fs_talebpour_legacy_raman_on,high,0.054393543824211577,-0.4179538260688318,-1.2531329334541716,-2.39826490963935,-0.7664412440665203,-4.110002517700195,-1.816779145291715,3.9535942620141054e+23,legacy_raman_phase_on_vs_off,,,,1.0056922865117082,Centimeter-level effect of enabling the legacy split Raman phase; this is not evidence for full Eq.27 feedback.,Applies only to the legacy split operator and its coupled nonlinear trajectory.,2.586656117682239
"operator formulation, legacy absorption branch, audit diagnostics, and numerical path differ; full Eq.27 Job 179988 also failed energy admission",current_120fs_talebpour_legacy_raman_on,multiple_delta_confounded,full_eq27_raman_feedback,phase8b_full_eq27_job_179988,not_interpretable,,,,,,,,,full_eq27_feedback_vs_legacy_split,,,,,No full Eq.27 curve-level causal onset contribution is available from historical evidence.,Missing local rho curve and invalid-for-physics energy admission.,
historical curve/config provenance incomplete,early_120fs_ppt_or_talebpour_missing,historical_noncomparable,ionization_model,current_120fs_talebpour_legacy_raman_on,not_interpretable,,,,,,,,,talebpour_vs_early_ionization_model,,,,,No strict 120 fs Talebpour-versus-earlier-ionization pair is locally available.,Do not infer from scalar report summaries.,
pure-linear 20-step numerical screen; all nonlinear physics disabled,r5_complex64_screen_job_180055,strict_single_delta,linear_precision,r5_mixed_precision_screen_job_180057,not_interpretable,,,,,,,,,linear_complex64_vs_mixed_precision,,,,,Mixed precision repairs linear numerical dissipation but has no archived 120 fs onset curve and therefore no physical onset attribution.,Numerical audit only; not a propagation-physics pair.,
no historical electronic-Kerr OFF production curve found,early_120fs_ppt_or_talebpour_missing,historical_noncomparable,electronic_kerr,current_120fs_talebpour_legacy_raman_on,not_interpretable,,,,,,,,,electronic_kerr_ablation,,,,,Electronic Kerr is physically plausible but currently unquantified by a strict pair.,Requires a future authorized causal ablation.,
no historical plasma-phase or ionization-loss strict ablation curve found,early_120fs_ppt_or_talebpour_missing,historical_noncomparable,plasma_phase,current_120fs_talebpour_legacy_raman_on,not_interpretable,,,,,,,,,plasma_and_ionization_feedback_ablation,,,,,Plasma phase and ionization loss cannot yet be separated from the coupled baseline trajectory.,Requires future staged causal pairs.,
