case_id,profile_id,window_id,kind,Nx,Ny,Lx_m,Ly_m,x_vac_fft_imax_cm,x_vac_fft_onaxis_cm,x_vac_fresnel_onaxis_cm,fft_imax_minus_onaxis_cm,fft_imax_minus_fresnel_cm,fft_onaxis_minus_fresnel_cm,axial_fwhm_imax_cm,axial_fwhm_onaxis_cm,prefocus_sidelobe_max_ratio_imax,prefocus_sidelobe_max_ratio_onaxis,power_drift,boundary_power_fraction,input_power_W,input_second_moment_radius_m,p6_nominal_radius_scale
P1_current_ft90__8mm_512,P1_current_ft90,8mm_512,window,512,512,0.008,0.008,-4.449645969577388,-4.449645969577388,-4.468450699187865,0.0,0.01880472961047719,0.01880472961047719,31.92826859795715,31.92826859795715,0.49844436556658495,0.49844436556658495,6.169886719198788e-07,1.1617636570968715e-07,17000000000.0,0.0018825141432040635,1.0
P2_zero_at_90_narrow__8mm_512,P2_zero_at_90_narrow,8mm_512,window,512,512,0.008,0.008,-6.510105363942187,-6.510105363942187,-6.5577833271248664,0.0,0.047677963182679584,0.047677963182679584,nan,nan,0.0,0.0,6.801499553007241e-07,1.334981624441998e-07,16999999999.999992,0.0016849032457543936,1.0
P3_zero_at_90_wide__8mm_512,P3_zero_at_90_wide,8mm_512,window,512,512,0.008,0.008,-7.251699999954053,-7.251699999954053,-7.222312346623272,0.0,-0.029387653330781305,-0.029387653330781305,nan,nan,0.0,0.0,6.801499560861024e-07,3.3685332292956655e-08,17000000000.000006,0.001594852878761316,1.0
P4_hard_top_R__8mm_512,P4_hard_top_R,8mm_512,window,512,512,0.008,0.008,-3.9087560386330433,-3.9087560386330433,-3.961268872235768,0.0,0.05251283360272474,0.05251283360272474,30.174696840478177,30.174696840478177,0.4996875126570542,0.4996875126570542,8.064725231843837e-07,1.750333291135813e-05,16999999999.999998,0.0019791641334559688,1.0
P5_hard_top_0p9R__8mm_512,P5_hard_top_0p9R,8mm_512,window,512,512,0.008,0.008,-5.772577029953963,-5.772577029953963,-5.777061556665386,0.0,0.004484526711422632,0.004484526711422632,35.7049695781193,35.7049695781193,0.49766265987591063,0.49766265987591063,6.16988671695485e-07,6.785489315135275e-05,16999999999.999996,0.001780047636986166,1.0
P6_P2_second_moment_matched__8mm_512,P6_P2_second_moment_matched,8mm_512,window,512,512,0.008,0.008,-4.371547202762615,-4.371547202762615,-4.43211488200993,0.0,0.0605676792473151,0.0605676792473151,31.815707810521985,31.815707810521985,0.4989622604930359,0.4989622604930359,6.80149955412921e-07,9.039520840190313e-08,16999999999.999994,0.0018825141432040628,1.1172834041640693
P1_current_ft90__10mm_640,P1_current_ft90,10mm_640,window,640,640,0.01,0.01,-4.4679054053995415,-4.4679054053995415,-4.468450699187865,0.0,0.0005452937883232423,0.0005452937883232423,31.929022197329132,31.929022197329132,0.4984618237865179,0.4984618237865179,4.2750482065537395e-07,3.899518292873007e-08,17000000000.0,0.0018825141432040635,1.0
P2_zero_at_90_narrow__10mm_640,P2_zero_at_90_narrow,10mm_640,window,640,640,0.01,0.01,-6.559166666731686,-6.559166666731686,-6.5577833271248664,0.0,-0.001383339606819689,-0.001383339606819689,nan,nan,0.0,0.0,4.906661040362191e-07,4.739912126956349e-08,16999999999.999994,0.0016849032457543936,1.0
P3_zero_at_90_wide__10mm_640,P3_zero_at_90_wide,10mm_640,window,640,640,0.01,0.01,-7.229605263180883,-7.229605263180883,-7.222312346623272,0.0,-0.0072929165576107735,-0.0072929165576107735,nan,nan,0.0,0.0,4.906661045972037e-07,1.3981300152819879e-08,17000000000.000004,0.0015948528787613164,1.0
P4_hard_top_R__10mm_640,P4_hard_top_R,10mm_640,window,640,640,0.01,0.01,-3.9322761194455658,-3.9322761194455658,-3.961268872235768,0.0,0.028992752790202303,0.028992752790202303,30.17358936188976,30.17358936188976,0.4996898210352285,0.4996898210352285,4.2750482054317703e-07,1.6210055894097922e-05,16999999999.999998,0.0019791641334559688,1.0
P5_hard_top_0p9R__10mm_640,P5_hard_top_0p9R,10mm_640,window,640,640,0.01,0.01,-4.246376665295304,-4.246376665295304,-5.777061556665386,0.0,1.5306848913700817,1.5306848913700817,35.64403886676776,35.64403886676776,0.49793884245400977,0.49793884245400977,3.643435363769533e-07,3.7011601253954605e-05,16999999999.999992,0.0017800476369861662,1.0
P6_P2_second_moment_matched__10mm_640,P6_P2_second_moment_matched,10mm_640,window,640,640,0.01,0.01,-4.4237499999590035,-4.4237499999590035,-4.432114882007088,0.0,0.00836488204808461,0.00836488204808461,31.814604002938417,31.814604002938417,0.49898844779971907,0.49898844779971907,4.275048208797678e-07,3.644159215203142e-08,17000000000.000004,0.001882514143204064,1.1172834041640698
P1_current_ft90__12mm_768,P1_current_ft90,12mm_768,window,768,768,0.012,0.012,-4.468382352934075,-4.468382352934075,-4.468450699187865,0.0,6.83462537898194e-05,6.83462537898194e-05,31.92882569851441,31.92882569851441,0.4984617759903152,0.4984617759903152,3.6434353682574103e-07,2.262960538632061e-08,17000000000.0,0.0018825141432040635,1.0
P2_zero_at_90_narrow__12mm_768,P2_zero_at_90_narrow,12mm_768,window,768,768,0.012,0.012,-6.558152173976028,-6.558152173976028,-6.557783327129673,0.0,-0.0003688468463547423,-0.0003688468463547423,nan,nan,0.0,0.0,4.275048204309801e-07,2.755273488663007e-08,16999999999.999996,0.0016849032457543936,1.0
P3_zero_at_90_wide__12mm_768,P3_zero_at_90_wide,12mm_768,window,768,768,0.012,0.012,-7.224264705900129,-7.224264705900129,-7.222312346627446,0.0,-0.0019523592726828909,-0.0019523592726828909,nan,nan,0.0,0.0,4.275048204309801e-07,7.717229618410252e-09,16999999999.999996,0.0015948528787613162,1.0
P4_hard_top_R__12mm_768,P4_hard_top_R,12mm_768,window,768,768,0.012,0.012,-3.965217391298581,-3.965217391298581,-3.961268872235768,0.0,-0.003948519062813016,-0.003948519062813016,30.173319972986462,30.173319972986462,0.4996870502937241,0.4996870502937241,7.433112394669477e-07,1.4289662396829934e-05,16999999999.999998,0.0019791641334559688,1.0
P5_hard_top_0p9R__12mm_768,P5_hard_top_0p9R,12mm_768,window,768,768,0.012,0.012,-5.73091317366975,-5.73091317366975,-5.777061556665386,0.0,0.04614838299563573,0.04614838299563573,35.71751158259819,35.71751158259819,0.49944350332019655,0.49944350332019655,6.801499555251179e-07,1.9509012776176007e-05,16999999999.999996,0.001780047636986166,1.0
P6_P2_second_moment_matched__12mm_768,P6_P2_second_moment_matched,12mm_768,window,768,768,0.012,0.012,-4.429573170664536,-4.429573170664536,-4.43211488200993,0.0,0.0025417113453940487,0.0025417113453940487,31.81514652153598,31.81514652153598,0.4989886822355366,0.4989886822355366,4.2750482020658625e-07,1.8784114833912617e-08,16999999999.999992,0.001882514143204063,1.1172834041640693
P1_current_ft90__14mm_896,P1_current_ft90,14mm_896,window,896,896,0.014,0.014,-4.468910256402491,-4.468910256402491,-4.468450699187865,0.0,-0.0004595572146266491,-0.0004595572146266491,31.92882134105865,31.92882134105865,0.49846153991431386,0.49846153991431386,5.538273882024428e-07,1.694118345532498e-08,17000000000.0,0.0018825141432040633,1.0
P2_zero_at_90_narrow__14mm_896,P2_zero_at_90_narrow,14mm_896,window,896,896,0.014,0.014,-6.557954545517841,-6.557954545517841,-6.557783327129673,0.0,-0.00017121838816791524,-0.00017121838816791524,nan,nan,0.0,0.0,6.169886714710911e-07,2.3603728129277557e-08,16999999999.999992,0.001684903245754394,1.0
P3_zero_at_90_wide__14mm_896,P3_zero_at_90_wide,14mm_896,window,896,896,0.014,0.014,-7.222727272742135,-7.222727272742135,-7.222312346623272,0.0,-0.00041492611886351227,-0.00041492611886351227,nan,nan,0.0,0.0,5.538273884268367e-07,6.495140659056884e-09,17000000000.000004,0.0015948528787613164,1.0
P4_hard_top_R__14mm_896,P4_hard_top_R,14mm_896,window,896,896,0.014,0.014,-3.9814814816108712,-3.9814814816108712,-3.961268872235768,0.0,-0.020212609375103163,-0.020212609375103163,30.173125522927204,30.173125522927204,0.4996838724166832,0.4996838724166832,6.169886718076819e-07,6.783401992642935e-06,16999999999.999998,0.0019791641334559688,1.0
P5_hard_top_0p9R__14mm_896,P5_hard_top_0p9R,14mm_896,window,896,896,0.014,0.014,-5.8027484940261775,-5.8027484940261775,-5.777061556665386,0.0,-0.025686937360791973,-0.025686937360791973,35.89421501146846,35.89421501146846,0.4993212969928777,0.4993212969928777,5.53827387978049e-07,1.8294406506798117e-05,16999999999.999996,0.001780047636986166,1.0
P6_P2_second_moment_matched__14mm_896,P6_P2_second_moment_matched,14mm_896,window,896,896,0.014,0.014,-4.43092105255899,-4.43092105255899,-4.43211488200993,0.0,0.0011938294509405978,0.0011938294509405978,31.815150676414035,31.815150676414035,0.4989885413081307,0.4989885413081307,5.538273877536552e-07,1.4350925699255263e-08,16999999999.999992,0.001882514143204063,1.1172834041640693
P1_current_ft90__8mm_1024,P1_current_ft90,8mm_1024,resolution,1024,1024,0.008,0.008,-4.528583916070195,-4.528583916070195,-4.468450699187465,0.0,-0.06013321688272999,-0.06013321688272999,31.92594564749931,31.92594564749931,0.49843680243902255,0.49843680243902255,6.169886719198788e-07,8.886243039091832e-08,17000000000.0,0.0018825139764650166,1.0
